"seq_id","seq_lane","before_total_reads","before_total_bases","before_q20_bases","before_q30_bases","before_q20_rate","before_q30_rate","before_read1_mean_length","before_read2_mean_length","before_gc_content","after_total_reads","after_total_bases","after_q20_bases","after_q30_bases","after_q20_rate","after_q30_rate","after_read1_mean_length","after_read2_mean_length","after_gc_content","passed_filter_reads","corrected_reads","corrected_bases","low_quality_reads","too_many_N_reads","too_short_reads","too_long_reads","duplication_rate","peak","seq_run","library_id","library_plate","library_column","library_row","library_concentration","library_type","sample_type"
"LIB-MJ044-C10_03","10_03",6322,954622,906124,863532,0.949197,0.90458,151,151,0.575376,2864,405047,401016,388583,0.990048,0.959353,141,141,0.478315,3330,127,172,70,0,2922,0,0.146789,0,"20003-02","LIB-MJ044-C10","LIB00003","10","C",0.14706,"ILLUMINA-DNA-PREP(OLD)","blank"
"LIB-MJ044-C3_03","3_03",1080,163080,153349,145821,0.94033,0.894169,151,151,0.746713,118,15168,15075,14715,0.993869,0.970134,128,128,0.542656,130,5,5,8,0,942,0,0.301852,0,"20003-02","LIB-MJ044-C3","LIB00003","3","C",0.03431,"ILLUMINA-DNA-PREP(OLD)","blank"
"LIB-MJ044-F10_03","10_03",4388,662588,605766,574562,0.914242,0.867148,151,151,0.722376,510,66161,65514,63520,0.990221,0.960082,130,129,0.487916,582,28,38,32,0,3774,0,0.0697356,0,"20003-02","LIB-MJ044-F10","LIB00003","10","F",0.04902,"ILLUMINA-DNA-PREP(OLD)","blank"
"LIB-MJ044-F3_03","3_03",8106,1224006,1155963,1102012,0.94441,0.900332,151,151,0.60742,2602,360627,357674,348495,0.991811,0.966359,138,138,0.523624,3012,126,156,62,0,5032,0,0.160868,0,"20003-02","LIB-MJ044-F3","LIB00003","3","F",0.05147,"ILLUMINA-DNA-PREP(OLD)","blank"
"LIB-MJ048-C10_04","10_04",1190,179690,170414,162856,0.948378,0.906316,151,151,0.685225,372,53181,52545,50814,0.988041,0.955492,142,143,0.489423,432,18,23,12,0,746,0,0.183193,0,"20003-02","LIB-MJ048-C10","LIB00005","10","C",-0.00514,"ILLUMINA-DNA-PREP(OLD)","blank"
"LIB-MJ048-C3_04","3_04",998,150698,144117,138158,0.95633,0.916787,151,151,0.831637,82,11949,11821,11458,0.989288,0.958909,146,145,0.506653,92,4,6,12,0,894,0,0.498998,0,"20003-02","LIB-MJ048-C3","LIB00005","3","C",0.00771,"ILLUMINA-DNA-PREP(OLD)","blank"
"LIB-MJ048-F10_04","10_04",2032,306832,288208,274422,0.939302,0.894372,151,151,0.684704,506,71510,70987,69250,0.992686,0.968396,141,141,0.582744,574,13,18,10,0,1448,0,0.175197,0,"20003-02","LIB-MJ048-F10","LIB00005","10","F",0,"ILLUMINA-DNA-PREP(OLD)","blank"
"LIB-MJ048-F3_04","3_04",7286,1100186,1074572,1039551,0.976718,0.944887,151,151,0.684161,4320,643072,637566,621309,0.991438,0.966158,148,148,0.629709,5168,63,77,50,2,2066,0,0.264343,0,"20003-02","LIB-MJ048-F3","LIB00005","3","F",0.00771,"ILLUMINA-DNA-PREP(OLD)","blank"
"LIB-MJ050-C10_02","10_02",1604,242204,219768,209492,0.907367,0.86494,151,151,0.808389,88,11744,11684,11398,0.994891,0.970538,133,133,0.516434,98,10,10,18,0,1488,0,0.00872818,0,"20003-02","LIB-MJ050-C10","LIB00001","10","C",-0.05012,"ILLUMINA-DNA-PREP(OLD)","blank"
"LIB-MJ050-C3_02","3_02",1950,294450,280091,268491,0.951235,0.911839,151,151,0.746769,520,74858,74373,72795,0.993521,0.972441,144,143,0.615779,616,17,20,22,0,1312,0,0.334359,0,"20003-02","LIB-MJ050-C3","LIB00001","3","C",-0.04511,"ILLUMINA-DNA-PREP(OLD)","blank"
"LIB-MJ050-F10_02","10_02",30732,4640532,4516220,4374603,0.973212,0.942694,151,151,0.62467,19088,2689695,2673007,2619748,0.993796,0.973994,140,140,0.620613,22904,582,726,260,0,7568,0,0.161525,0,"20003-02","LIB-MJ050-F10","LIB00001","10","F",-0.03509,"ILLUMINA-DNA-PREP(OLD)","blank"
"LIB-MJ050-F3_02","3_02",5212,787012,706115,672145,0.89721,0.854047,151,151,0.746959,324,41060,40772,39884,0.992986,0.971359,126,126,0.530029,368,22,32,56,0,4788,0,0.0218726,0,"20003-02","LIB-MJ050-F3","LIB00001","3","F",-0.03509,"ILLUMINA-DNA-PREP(OLD)","blank"
"LIB-MJ051-C10_02","10_02",1020,154020,143912,136331,0.934372,0.885151,151,151,0.707051,160,21777,21611,21000,0.992377,0.96432,136,135,0.505901,180,4,7,12,0,828,0,0.241176,0,"20003-02","LIB-MJ051-C10","LIB00002","10","C",0.02475,"ILLUMINA-DNA-PREP(OLD)","blank"
"LIB-MJ051-C3_02","3_02",1770,267270,257520,247757,0.96352,0.926991,151,151,0.684155,760,111256,110278,107487,0.991209,0.966123,146,146,0.623957,918,20,22,18,0,834,0,0.230508,0,"20003-02","LIB-MJ051-C3","LIB00002","3","C",0.03599,"ILLUMINA-DNA-PREP(OLD)","blank"
"LIB-MJ051-F10_02","10_02",2518,380218,359040,342337,0.9443,0.90037,151,151,0.711276,454,63213,62633,60881,0.990825,0.963109,139,138,0.517488,544,9,17,16,0,1958,0,0.300238,0,"20003-02","LIB-MJ051-F10","LIB00002","10","F",0.0225,"ILLUMINA-DNA-PREP(OLD)","blank"
"LIB-MJ051-F3_02","3_02",1578,238278,221997,209279,0.931672,0.878298,151,151,0.697177,248,33363,33027,32058,0.989929,0.960885,134,134,0.516201,286,14,17,20,0,1272,0,0.228137,0,"20003-02","LIB-MJ051-F3","LIB00002","3","F",0.04049,"ILLUMINA-DNA-PREP(OLD)","blank"
"LIB-MJ054-C10_03","10_03",4088,617288,579904,553578,0.939438,0.89679,151,151,0.824665,168,22837,22615,21937,0.990279,0.96059,137,134,0.508429,186,16,22,48,0,3854,0,0.44227,0,"20003-02","LIB-MJ054-C10","LIB00004","10","C",0.03661,"ILLUMINA-DNA-PREP(OLD)","blank"
"LIB-MJ054-C3_03","3_03",19742,2981042,2901841,2804164,0.973432,0.940666,151,151,0.631273,12494,1818092,1803801,1761508,0.99214,0.968877,145,145,0.617413,15142,368,481,196,0,4404,0,0.180731,0,"20003-02","LIB-MJ054-C3","LIB00004","3","C",0.03138,"ILLUMINA-DNA-PREP(OLD)","blank"
"LIB-MJ054-F10_03","10_03",3942,595242,561798,536170,0.943814,0.90076,151,151,0.769717,384,52705,52328,51131,0.992847,0.970136,137,137,0.561787,460,21,21,30,0,3452,0,0.421613,0,"20003-02","LIB-MJ054-F10","LIB00004","10","F",0.04708,"ILLUMINA-DNA-PREP(OLD)","blank"
"LIB-MJ054-F3_03","3_03",27040,4083040,3938906,3768871,0.964699,0.923055,151,151,0.529177,16894,2448969,2422338,2344991,0.989126,0.957542,145,144,0.506872,19734,648,826,298,0,7008,0,0.130473,0,"20003-02","LIB-MJ054-F3","LIB00004","3","F",0.02877,"ILLUMINA-DNA-PREP(OLD)","blank"
"LIB-MJ055-C10_04","10_04",78242,11814542,11387276,10791251,0.963836,0.913387,151,151,0.418529,58338,8623739,8490320,8132522,0.984529,0.943039,148,147,0.409366,65716,1847,2433,1056,0,11470,0,0.0969556,151,"20003-02","LIB-MJ055-C10","LIB00006","10","C",0.03385,"ILLUMINA-DNA-PREP(OLD)","blank"
"LIB-MJ055-C3_04","3_04",242,36542,34886,33183,0.954682,0.908078,151,151,0.636665,86,12317,12152,11735,0.986604,0.952748,144,142,0.456442,100,1,1,0,0,142,0,0.14876,0,"20003-02","LIB-MJ055-C3","LIB00006","3","C",0.04287,"ILLUMINA-DNA-PREP(OLD)","blank"
"LIB-MJ055-F10_04","10_04",780,117780,108855,103957,0.924223,0.882637,151,151,0.813084,82,12019,11866,11467,0.98727,0.954073,146,146,0.504118,94,4,4,16,0,670,0,0.0461538,0,"20003-02","LIB-MJ055-F10","LIB00006","10","F",0.03385,"ILLUMINA-DNA-PREP(OLD)","blank"
"LIB-MJ055-F3_04","3_04",1280,193280,183290,174728,0.948313,0.904015,151,151,0.722698,296,42173,41807,40597,0.991321,0.96263,143,141,0.4947,344,10,10,18,0,918,0,0.303125,0,"20003-02","LIB-MJ055-F3","LIB00006","3","F",0.0361,"ILLUMINA-DNA-PREP(OLD)","blank"
"LIB-MJ088-C10_04","10_04",1232,186032,171164,162141,0.920078,0.871576,151,151,0.82546,88,13015,12843,12309,0.986784,0.945755,147,148,0.620515,102,5,5,30,0,1100,0,0.025974,0,"21123-01","LIB-MJ088-C10","LIB00007","10","C",0.05,"ILLUMINA-DNA-PREP","blank"
"LIB-MJ088-C3_04","3_04",752,113552,106081,99663,0.934206,0.877686,151,151,0.73856,116,16085,15859,15162,0.98595,0.942617,138,138,0.590115,116,11,13,20,0,616,0,0.0505319,0,"21123-01","LIB-MJ088-C3","LIB00007","3","C",0.02,"ILLUMINA-DNA-PREP","blank"
"LIB-MJ088-F10_04","10_04",2490,375990,343158,323865,0.912679,0.861366,151,151,0.8287,126,18122,17809,17025,0.982728,0.939466,143,144,0.56986,136,13,14,64,0,2290,0,0.00722892,0,"21123-01","LIB-MJ088-F10","LIB00007","10","F",0.03,"ILLUMINA-DNA-PREP","blank"
"LIB-MJ088-F3_04","3_04",1042,157342,148056,140614,0.940982,0.893684,151,151,0.7859,142,20615,20239,19362,0.981761,0.939219,144,145,0.618627,160,11,12,22,0,860,0,0.0921305,0,"21123-01","LIB-MJ088-F3","LIB00007","3","F",0.02,"ILLUMINA-DNA-PREP","blank"
"LIB-MJ089-C10_02","10_02",3508,529708,501321,476776,0.94641,0.900073,151,151,0.740929,1126,166188,163696,156877,0.985005,0.943973,147,147,0.589381,1268,18,22,46,0,2194,0,0.0895097,0,"21123-01","LIB-MJ089-C10","LIB00008","10","C",0,"ILLUMINA-DNA-PREP","blank"
"LIB-MJ089-C3_02","3_02",9784,1477384,1415685,1347151,0.958238,0.911849,151,151,0.684898,3776,543974,537061,517746,0.987292,0.951784,144,144,0.598843,4224,147,183,162,0,5398,0,0.187653,0,"21123-01","LIB-MJ089-C3","LIB00008","3","C",0.01,"ILLUMINA-DNA-PREP","blank"
"LIB-MJ089-F10_02","10_02",5160,779160,746784,709168,0.958448,0.91017,151,151,0.65342,2932,436297,429959,412854,0.985473,0.946268,148,148,0.580804,3186,44,55,110,0,1864,0,0.105039,0,"21123-01","LIB-MJ089-F10","LIB00008","10","F",-0.01,"ILLUMINA-DNA-PREP","blank"
"LIB-MJ089-F3_02","3_02",2990,451490,430074,410805,0.952566,0.909887,151,151,0.804242,200,28066,27740,26751,0.988385,0.953146,140,140,0.522661,220,15,19,42,0,2728,0,0.445485,0,"21123-01","LIB-MJ089-F3","LIB00008","3","F",0.02,"ILLUMINA-DNA-PREP","blank"
"LIB-MJ090-C10_04","10_04",750,113250,103995,97384,0.918278,0.859903,151,151,0.671576,196,28587,28048,26735,0.981145,0.935215,145,145,0.536887,208,12,15,16,0,526,0,0.016,0,"21123-01","LIB-MJ090-C10","LIB00009","10","C",-0.01,"ILLUMINA-DNA-PREP","blank"
"LIB-MJ090-C3_04","3_04",530,80030,75298,70600,0.940872,0.882169,151,151,0.636186,136,19265,19000,18151,0.986244,0.942175,141,141,0.482637,140,15,22,12,0,378,0,0.0113208,0,"21123-01","LIB-MJ090-C3","LIB00009","3","C",-0.07,"ILLUMINA-DNA-PREP","blank"
"LIB-MJ090-F10_04","10_04",4604,695204,663490,624696,0.954382,0.898579,151,151,0.620883,2732,394248,388238,372385,0.984756,0.944545,144,144,0.611628,2956,123,149,104,0,1544,0,0.0556038,0,"21123-01","LIB-MJ090-F10","LIB00009","10","F",-0.05,"ILLUMINA-DNA-PREP","blank"
"LIB-MJ090-F3_04","3_04",866,130766,120373,112858,0.920522,0.863053,151,151,0.653794,240,33945,33321,31830,0.981617,0.937693,141,141,0.516041,258,14,20,24,0,584,0,0.0207852,0,"21123-01","LIB-MJ090-F3","LIB00009","3","F",-0.06,"ILLUMINA-DNA-PREP","blank"
"LIB-MJ091-C10_03","10_03",200,30200,28442,27582,0.941788,0.913311,151,151,0.854868,22,3266,3254,3190,0.996326,0.97673,148,148,0.62278,30,0,0,2,0,168,0,0.1,0,"21123-01","LIB-MJ091-C10","LIB00010","10","C",-0.03,"ILLUMINA-DNA-PREP","blank"
"LIB-MJ091-C3_03","3_03",188,28388,27082,25986,0.953995,0.915387,151,151,0.80925,28,4109,4041,3882,0.983451,0.944755,145,147,0.576783,32,0,0,0,0,156,0,0.191489,0,"21123-01","LIB-MJ091-C3","LIB00010","3","C",-0.18,"ILLUMINA-DNA-PREP","blank"
"LIB-MJ091-F10_03","10_03",154,23254,21695,20821,0.932958,0.895373,151,151,0.798271,20,2980,2965,2868,0.994966,0.962416,149,149,0.563758,34,0,0,2,0,118,0,0.0909091,0,"21123-01","LIB-MJ091-F10","LIB00010","10","F",-0.06,"ILLUMINA-DNA-PREP","blank"
"LIB-MJ091-F3_03","3_03",704,106304,103030,98771,0.969202,0.929137,151,151,0.668507,348,52063,51403,49602,0.987323,0.95273,149,149,0.611144,452,7,10,10,0,242,0,0.196023,0,"21123-01","LIB-MJ091-F3","LIB00010","3","F",-0.16,"ILLUMINA-DNA-PREP","blank"
"LIB-MJ092-C10_01","10_01",888,134088,127082,121197,0.947751,0.903862,151,151,0.785432,134,19078,18941,18483,0.992819,0.968812,141,142,0.575951,160,10,10,12,0,716,0,0.204955,0,"21123-01","LIB-MJ092-C10","LIB00011","10","C",0.1,"ILLUMINA-DNA-PREP","blank"
"LIB-MJ092-C3_01","3_01",348,52548,49457,46935,0.941178,0.893183,151,151,0.795349,48,6911,6814,6601,0.985964,0.955144,144,143,0.5921,52,2,5,4,0,292,0,0.109195,0,"21123-01","LIB-MJ092-C3","LIB00011","3","C",-0.08,"ILLUMINA-DNA-PREP","blank"
"LIB-MJ092-F10_01","10_01",378,57078,53309,50356,0.933968,0.882231,151,151,0.820877,38,5513,5419,5176,0.982949,0.938872,144,145,0.576093,40,2,3,10,0,328,0,0.116402,0,"21123-01","LIB-MJ092-F10","LIB00011","10","F",0.08,"ILLUMINA-DNA-PREP","blank"
"LIB-MJ092-F3_01","3_01",302,45602,42525,39993,0.932525,0.877001,151,151,0.811171,28,4059,4024,3893,0.991377,0.959103,146,143,0.651392,32,1,1,10,0,260,0,0.13245,0,"21123-01","LIB-MJ092-F3","LIB00011","3","F",-0.03,"ILLUMINA-DNA-PREP","blank"
"LIB-MJ093-C10_02","10_02",354,53454,50032,47584,0.935982,0.890186,151,151,0.777959,54,7921,7817,7528,0.98687,0.950385,146,146,0.580987,58,2,2,6,0,290,0,0.0338983,0,"21123-01","LIB-MJ093-C10","LIB00012","10","C",-0.02,"ILLUMINA-DNA-PREP","blank"
"LIB-MJ093-C3_02","3_02",596,89996,85764,81151,0.952976,0.901718,151,151,0.701209,206,30241,29726,28394,0.98297,0.938924,146,146,0.61281,236,8,9,18,0,342,0,0.130872,0,"21123-01","LIB-MJ093-C3","LIB00012","3","C",-0.17,"ILLUMINA-DNA-PREP","blank"
"LIB-MJ093-F10_02","10_02",782,118082,112097,107152,0.949315,0.907437,151,151,0.728782,212,31124,30762,29840,0.988369,0.958746,146,147,0.598156,248,4,4,12,0,522,0,0.0920716,0,"21123-01","LIB-MJ093-F10","LIB00012","10","F",-0.05,"ILLUMINA-DNA-PREP","blank"
"LIB-MJ093-F3_02","3_02",332,50132,47599,45235,0.949473,0.902318,151,151,0.7727,44,6554,6459,6192,0.985505,0.944767,148,149,0.594446,48,2,5,2,0,282,0,0.198795,0,"21123-01","LIB-MJ093-F3","LIB00012","3","F",-0.14,"ILLUMINA-DNA-PREP","blank"
"LIB-MJ108-C10_02","10_02",688,103888,95552,90765,0.91976,0.873681,151,151,0.800545,116,17091,16761,16014,0.980692,0.936984,146,148,0.560704,130,8,8,18,0,540,0,0.0232558,0,"21123-01","LIB-MJ108-C10","LIB00017","10","C",-0.07,"ILLUMINA-DNA-PREP","blank"
"LIB-MJ108-C3_02","3_02",222,33522,31812,30414,0.948989,0.907285,151,151,0.803174,36,5272,5215,5059,0.989188,0.959598,146,146,0.58327,42,0,0,2,0,178,0,0.0990991,0,"21123-01","LIB-MJ108-C3","LIB00017","3","C",-0.07,"ILLUMINA-DNA-PREP","blank"
"LIB-MJ108-F10_02","10_02",422,63722,60332,57416,0.9468,0.901039,151,151,0.750651,76,11159,10994,10538,0.985214,0.94435,146,147,0.526122,94,5,10,4,0,324,0,0.0853081,0,"21123-01","LIB-MJ108-F10","LIB00017","10","F",-0.06,"ILLUMINA-DNA-PREP","blank"
"LIB-MJ108-F3_02","3_02",468,70668,64747,61696,0.916214,0.87304,151,151,0.771806,56,8113,8045,7773,0.991618,0.958092,144,145,0.587082,62,0,0,10,0,396,0,0.017094,0,"21123-01","LIB-MJ108-F3","LIB00017","3","F",-0.08,"ILLUMINA-DNA-PREP","blank"
"LIB-MJ109-C10_01","10_01",652,98452,92291,88209,0.937421,0.895959,151,151,0.798359,90,13409,13211,12678,0.985234,0.945484,149,148,0.545007,94,1,1,8,0,550,0,0.0398773,0,"21123-01","LIB-MJ109-C10","LIB00013","10","C",-0.18,"ILLUMINA-DNA-PREP","blank"
"LIB-MJ109-C3_01","3_01",984,148584,141810,134755,0.95441,0.906928,151,151,0.68852,318,46667,46073,44440,0.987272,0.952279,147,146,0.577474,350,9,9,10,0,624,0,0.113821,0,"21123-01","LIB-MJ109-C3","LIB00013","3","C",-0.19,"ILLUMINA-DNA-PREP","blank"
"LIB-MJ109-F10_01","10_01",846,127746,121447,116082,0.950691,0.908694,151,151,0.737542,272,40286,39780,38437,0.98744,0.954103,147,148,0.596485,302,7,12,14,0,530,0,0.101655,0,"21123-01","LIB-MJ109-F10","LIB00013","10","F",-0.18,"ILLUMINA-DNA-PREP","blank"
"LIB-MJ109-F3_01","3_01",480,72480,69232,66155,0.955188,0.912735,151,151,0.752566,126,18340,18077,17465,0.98566,0.95229,145,146,0.56036,134,2,2,8,0,338,0,0.220833,0,"21123-01","LIB-MJ109-F3","LIB00013","3","F",-0.19,"ILLUMINA-DNA-PREP","blank"
"LIB-MJ129-C10_02","10_02",958,144658,137602,130932,0.951223,0.905114,151,151,0.738411,206,30612,30158,29078,0.985169,0.949889,148,149,0.5964,232,6,8,10,0,716,0,0.173278,0,"21123-01","LIB-MJ129-C10","LIB00019","10","C",0.01,"ILLUMINA-DNA-PREP","blank"
"LIB-MJ129-C3_02","3_02",488,73688,69768,66699,0.946803,0.905154,151,151,0.812344,80,11792,11617,11160,0.985159,0.946404,147,147,0.617453,82,0,0,8,0,398,0,0.122951,0,"21123-01","LIB-MJ129-C3","LIB00019","3","C",0.01,"ILLUMINA-DNA-PREP","blank"
"LIB-MJ129-F10_02","10_02",2738,413438,397461,376196,0.961356,0.909921,151,151,0.647028,1788,266812,262739,251995,0.984735,0.944467,148,149,0.613904,1916,17,20,64,0,758,0,0.0628196,0,"21123-01","LIB-MJ129-F10","LIB00019","10","F",0.01,"ILLUMINA-DNA-PREP","blank"
"LIB-MJ129-F3_02","3_02",3890,587390,567304,538283,0.965805,0.916398,151,151,0.627241,2676,398394,392539,376946,0.985303,0.946164,148,148,0.605115,3006,42,50,72,0,812,0,0.101285,0,"21123-01","LIB-MJ129-F3","LIB00019","3","F",0,"ILLUMINA-DNA-PREP","blank"
"LIB-MJ130-C10_01","10_01",234,35334,33274,31650,0.941699,0.895738,151,151,0.755391,48,6806,6729,6483,0.988686,0.952542,141,141,0.555833,52,2,2,2,0,180,0,0.042735,0,"21123-01","LIB-MJ130-C10","LIB00020","10","C",0.01,"ILLUMINA-DNA-PREP","blank"
"LIB-MJ130-C3_01","3_01",632,95432,90176,85491,0.944924,0.895832,151,151,0.726245,192,28064,27725,26715,0.98792,0.951931,145,146,0.549173,210,10,11,10,0,412,0,0.110759,0,"21123-01","LIB-MJ130-C3","LIB00020","3","C",0.01,"ILLUMINA-DNA-PREP","blank"
"LIB-MJ130-F10_01","10_01",910,137410,131114,124696,0.954181,0.907474,151,151,0.650688,460,67509,66722,64429,0.988342,0.954376,146,146,0.568398,518,8,10,20,0,372,0,0.0857143,0,"21123-01","LIB-MJ130-F10","LIB00020","10","F",0.01,"ILLUMINA-DNA-PREP","blank"
"LIB-MJ130-F3_01","3_01",402,60702,57757,54653,0.951484,0.900349,151,151,0.725676,102,14827,14604,13988,0.98496,0.943414,145,145,0.552708,114,0,0,8,0,280,0,0.114428,0,"21123-01","LIB-MJ130-F3","LIB00020","3","F",0.01,"ILLUMINA-DNA-PREP","blank"
"LIB-MJ131-C10_01","10_01",1372,207172,189175,180775,0.91313,0.872584,151,151,0.846693,40,5661,5619,5430,0.992581,0.959194,142,140,0.589295,44,4,4,12,0,1316,0,0.00728863,0,"21123-01","LIB-MJ131-C10","LIB00021","10","C",0.01,"ILLUMINA-DNA-PREP","blank"
"LIB-MJ131-C3_01","3_01",628,94828,89193,84981,0.940577,0.896159,151,151,0.846965,8,1108,1087,1041,0.981047,0.939531,137,139,0.484657,10,0,0,12,0,606,0,0.200637,0,"21123-01","LIB-MJ131-C3","LIB00021","3","C",0.01,"ILLUMINA-DNA-PREP","blank"
"LIB-MJ131-F10_01","10_01",772,116572,108882,103655,0.934032,0.889193,151,151,0.783756,60,8705,8588,8203,0.986559,0.942332,143,146,0.566686,72,4,5,14,0,686,0,0.0880829,0,"21123-01","LIB-MJ131-F10","LIB00021","10","F",0.01,"ILLUMINA-DNA-PREP","blank"
"LIB-MJ131-F3_01","3_01",314,47414,43276,41532,0.912726,0.875944,151,151,0.847809,12,1749,1693,1595,0.967982,0.91195,151,140,0.654088,12,0,0,4,0,298,0,0,0,"21123-01","LIB-MJ131-F3","LIB00021","3","F",0,"ILLUMINA-DNA-PREP","blank"
"LIB-MJ132-C10_03","10_03",2366,357266,335968,322554,0.940386,0.90284,151,151,0.852916,132,19469,19226,18609,0.987519,0.955827,147,147,0.582259,158,3,3,12,0,2196,0,0.199493,0,"21123-01","LIB-MJ132-C10","LIB00022","10","C",0.04,"ILLUMINA-DNA-PREP","blank"
"LIB-MJ132-C3_03","3_03",42876,6474276,6296135,6027205,0.972485,0.930947,151,151,0.630374,27946,4182453,4129057,3986651,0.987233,0.953185,149,149,0.616827,35876,226,282,750,0,6250,0,0.216112,0,"21123-01","LIB-MJ132-C3","LIB00022","3","C",0.09,"ILLUMINA-DNA-PREP","blank"
"LIB-MJ132-F10_03","10_03",2984,450584,432774,416035,0.960474,0.923324,151,151,0.723006,1060,157790,156142,151544,0.989556,0.960416,148,148,0.589854,1330,10,13,42,0,1612,0,0.239276,0,"21123-01","LIB-MJ132-F10","LIB00022","10","F",0.04,"ILLUMINA-DNA-PREP","blank"
"LIB-MJ132-F3_03","3_03",9092,1372892,1334321,1281449,0.971905,0.933394,151,151,0.639496,4696,697821,689670,667051,0.988319,0.955906,148,148,0.585414,5972,68,82,90,0,3030,0,0.24593,0,"21123-01","LIB-MJ132-F3","LIB00022","3","F",0.03,"ILLUMINA-DNA-PREP","blank"
"LIB-MJ105-C10_01","10_01",138,20838,18902,17386,0.907093,0.834341,151,151,0.77637,34,4722,4572,4254,0.968234,0.900889,138,139,0.56798,34,5,5,4,0,100,0,0,0,"211129_A00595_0124_BHVJMTDSXY","LIB-MJ105-C10","LIB00014","10","C",-0.14,"ILLUMINA-DNA-PREP","blank"
"LIB-MJ105-C3_01","3_01",88,13288,12518,11749,0.942053,0.884181,151,151,0.801626,16,2362,2313,2211,0.979255,0.936071,147,147,0.516935,16,0,0,0,0,72,0,0.159091,0,"211129_A00595_0124_BHVJMTDSXY","LIB-MJ105-C3","LIB00014","3","C",-0.24,"ILLUMINA-DNA-PREP","blank"
"LIB-MJ105-F10_01","10_01",228,34428,32478,30307,0.94336,0.880301,151,151,0.663501,110,16393,16112,15401,0.982859,0.939486,149,148,0.586592,110,6,6,10,0,108,0,0.0350877,0,"211129_A00595_0124_BHVJMTDSXY","LIB-MJ105-F10","LIB00014","10","F",-0.08,"ILLUMINA-DNA-PREP","blank"
"LIB-MJ105-F3_01","3_01",180,27180,24683,23048,0.908131,0.847976,151,151,0.813907,28,4150,4076,3940,0.982169,0.949398,148,148,0.573012,28,3,4,8,0,144,0,0,0,"211129_A00595_0124_BHVJMTDSXY","LIB-MJ105-F3","LIB00014","3","F",-0.22,"ILLUMINA-DNA-PREP","blank"
"LIB-MJ106-C10_01","10_01",748,112948,104953,97590,0.929215,0.864026,151,151,0.814888,82,12108,11942,11440,0.98629,0.94483,147,147,0.588619,82,6,6,38,0,628,0,0.296791,0,"211129_A00595_0124_BHVJMTDSXY","LIB-MJ106-C10","LIB00015","10","C",-0.2,"ILLUMINA-DNA-PREP","blank"
"LIB-MJ106-C3_01","3_01",382,57682,53150,49412,0.921431,0.856628,151,151,0.8145,36,5313,5157,4776,0.970638,0.898927,147,147,0.553548,36,2,2,18,0,328,0,0.235602,0,"211129_A00595_0124_BHVJMTDSXY","LIB-MJ106-C3","LIB00015","3","C",-0.22,"ILLUMINA-DNA-PREP","blank"
"LIB-MJ106-F10_01","10_01",470,70970,64913,59567,0.914654,0.839326,151,151,0.784317,56,7914,7792,7433,0.984584,0.939222,141,141,0.567602,56,6,7,24,0,390,0,0.208511,0,"211129_A00595_0124_BHVJMTDSXY","LIB-MJ106-F10","LIB00015","10","F",-0.18,"ILLUMINA-DNA-PREP","blank"
"LIB-MJ106-F3_01","3_01",1026,154926,147086,138425,0.949395,0.893491,151,151,0.708403,472,69732,68952,66452,0.988814,0.952963,147,147,0.617478,474,10,10,18,0,534,0,0.101365,0,"211129_A00595_0124_BHVJMTDSXY","LIB-MJ106-F3","LIB00015","3","F",-0.21,"ILLUMINA-DNA-PREP","blank"
"LIB-MJ107-C10_02","10_02",110,16610,14858,13825,0.894521,0.83233,151,151,0.814389,18,2616,2562,2455,0.979358,0.938456,145,145,0.630734,18,0,0,10,0,82,0,0,0,"211129_A00595_0124_BHVJMTDSXY","LIB-MJ107-C10","LIB00016","10","C",-0.14,"ILLUMINA-DNA-PREP","blank"
"LIB-MJ107-C3_02","3_02",2074,313174,295490,275932,0.943533,0.881082,151,151,0.68256,1106,161750,159162,152342,0.984,0.941836,146,146,0.625249,1116,57,65,60,0,898,0,0.0867888,0,"211129_A00595_0124_BHVJMTDSXY","LIB-MJ107-C3","LIB00016","3","C",-0.17,"ILLUMINA-DNA-PREP","blank"
"LIB-MJ107-F10_02","10_02",150,22650,21110,19757,0.932009,0.872274,151,151,0.772097,30,4506,4441,4263,0.985575,0.946072,150,150,0.567022,30,1,1,10,0,110,0,0.133333,0,"211129_A00595_0124_BHVJMTDSXY","LIB-MJ107-F10","LIB00016","10","F",-0.05,"ILLUMINA-DNA-PREP","blank"
"LIB-MJ107-F3_02","3_02",118,17818,16359,15366,0.918117,0.862386,151,151,0.804411,18,2636,2619,2542,0.993551,0.96434,146,146,0.640364,18,1,1,2,0,98,0,0,0,"211129_A00595_0124_BHVJMTDSXY","LIB-MJ107-F3","LIB00016","3","F",-0.17,"ILLUMINA-DNA-PREP","blank"
"LIB-MJ110-C10_04","10_04",364,54964,51283,47769,0.933029,0.869096,151,151,0.840077,32,4818,4727,4501,0.981112,0.934205,150,150,0.597758,32,0,0,20,0,312,0,0.263736,0,"211129_A00595_0124_BHVJMTDSXY","LIB-MJ110-C10","LIB00018","10","C",-0.17,"ILLUMINA-DNA-PREP","blank"
"LIB-MJ110-C3_04","3_04",184,27784,26102,24369,0.939462,0.877088,151,151,0.810754,22,3238,3207,3085,0.990426,0.952749,147,147,0.579061,22,0,0,0,0,162,0,0.152174,0,"211129_A00595_0124_BHVJMTDSXY","LIB-MJ110-C3","LIB00018","3","C",-0.17,"ILLUMINA-DNA-PREP","blank"
"LIB-MJ110-F10_04","10_04",188,28388,26098,24145,0.919332,0.850535,151,151,0.803403,20,2896,2865,2767,0.989296,0.955456,143,145,0.547997,20,1,1,6,0,162,0,0.180851,0,"211129_A00595_0124_BHVJMTDSXY","LIB-MJ110-F10","LIB00018","10","F",-0.16,"ILLUMINA-DNA-PREP","blank"
"LIB-MJ110-F3_04","3_04",314,47414,44348,41358,0.935336,0.872274,151,151,0.808242,42,6290,6212,5960,0.987599,0.947536,149,149,0.577901,48,0,0,12,0,254,0,0.216561,0,"211129_A00595_0124_BHVJMTDSXY","LIB-MJ110-F3","LIB00018","3","F",-0.17,"ILLUMINA-DNA-PREP","blank"
"LIB-MJ133-C10_03","10_03",942,142242,127313,117929,0.895045,0.829073,151,151,0.791932,102,14854,14538,13810,0.978726,0.929716,145,145,0.563821,102,8,9,44,0,796,0,0,0,"211129_A00595_0124_BHVJMTDSXY","LIB-MJ133-C10","LIB00023","10","C",0.01,"ILLUMINA-DNA-PREP","blank"
"LIB-MJ133-C3_03","3_03",1038,156738,145663,136242,0.929341,0.869234,151,151,0.805044,128,18967,18621,17782,0.981758,0.937523,148,148,0.584014,130,3,3,34,0,874,0,0.27553,0,"211129_A00595_0124_BHVJMTDSXY","LIB-MJ133-C3","LIB00023","3","C",0.02,"ILLUMINA-DNA-PREP","blank"
"LIB-MJ133-F10_03","10_03",1226,185126,170306,158136,0.919946,0.854207,151,151,0.780647,96,14214,13961,13350,0.982201,0.939215,148,147,0.582876,96,10,10,24,0,1106,0,0.23491,0,"211129_A00595_0124_BHVJMTDSXY","LIB-MJ133-F10","LIB00023","10","F",0.01,"ILLUMINA-DNA-PREP","blank"
"LIB-MJ133-F3_03","3_03",7002,1057302,1003519,940417,0.949132,0.88945,151,151,0.656758,4996,745539,732882,700659,0.983023,0.939802,149,149,0.635501,5092,59,65,276,0,1634,0,0.013996,0,"211129_A00595_0124_BHVJMTDSXY","LIB-MJ133-F3","LIB00023","3","F",0.01,"ILLUMINA-DNA-PREP","blank"
"LIB-MJ134-C10_03","10_03",816,123216,116005,108987,0.941477,0.88452,151,151,0.751607,274,40938,40259,38444,0.983414,0.939079,149,149,0.605135,278,7,11,20,0,518,0,0.151961,0,"211129_A00595_0124_BHVJMTDSXY","LIB-MJ134-C10","LIB00024","10","C",0.01,"ILLUMINA-DNA-PREP","blank"
"LIB-MJ134-C3_03","3_03",864,130464,122981,115533,0.942643,0.885555,151,151,0.780759,136,19811,19443,18463,0.981424,0.931957,145,145,0.499319,140,4,4,14,0,710,0,0.300926,0,"211129_A00595_0124_BHVJMTDSXY","LIB-MJ134-C3","LIB00024","3","C",0.02,"ILLUMINA-DNA-PREP","blank"
"LIB-MJ134-F10_03","10_03",602,90902,84729,78779,0.932092,0.866637,151,151,0.777849,136,20034,19677,18777,0.98218,0.937257,147,147,0.585205,136,2,2,20,0,446,0,0.202658,0,"211129_A00595_0124_BHVJMTDSXY","LIB-MJ134-F10","LIB00024","10","F",0.01,"ILLUMINA-DNA-PREP","blank"
"LIB-MJ134-F3_03","3_03",294,44394,41812,39166,0.941839,0.882236,151,151,0.807001,38,5695,5569,5315,0.977875,0.933275,148,151,0.580158,40,2,2,6,0,248,0,0.285714,0,"211129_A00595_0124_BHVJMTDSXY","LIB-MJ134-F3","LIB00024","3","F",0.01,"ILLUMINA-DNA-PREP","blank"
"LIB-MJ135-C10_04","10_04",770,116270,104544,97172,0.899149,0.835744,151,151,0.826937,64,9526,9379,8927,0.984569,0.937119,149,148,0.538526,68,1,1,22,0,680,0,0.00779221,0,"211129_A00595_0124_BHVJMTDSXY","LIB-MJ135-C10","LIB00025","10","C",0.01,"ILLUMINA-DNA-PREP","blank"
"LIB-MJ135-C3_04","3_04",714,107814,100033,92795,0.927829,0.860695,151,151,0.828455,110,16262,15952,15220,0.980937,0.935924,146,148,0.628275,112,1,1,34,0,568,0,0.232493,0,"211129_A00595_0124_BHVJMTDSXY","LIB-MJ135-C3","LIB00025","3","C",0.02,"ILLUMINA-DNA-PREP","blank"
"LIB-MJ135-F10_04","10_04",1254,189354,174158,160920,0.919748,0.849837,151,151,0.718665,258,37135,36392,34625,0.979992,0.932409,144,143,0.562542,264,17,19,46,0,944,0,0.145136,0,"211129_A00595_0124_BHVJMTDSXY","LIB-MJ135-F10","LIB00025","10","F",0.01,"ILLUMINA-DNA-PREP","blank"
"LIB-MJ135-F3_04","3_04",906,136806,121596,112710,0.888821,0.823867,151,151,0.792414,72,10303,10084,9533,0.978744,0.925264,143,142,0.492963,72,8,11,30,0,804,0,0,0,"211129_A00595_0124_BHVJMTDSXY","LIB-MJ135-F3","LIB00025","3","F",0.01,"ILLUMINA-DNA-PREP","blank"
"LIB-MJ137-C10_02","10_02",1000,151000,142708,133777,0.945086,0.88594,151,151,0.713212,456,66811,65806,63048,0.984958,0.943677,146,146,0.594333,462,21,23,32,0,506,0,0.092,0,"211129_A00595_0124_BHVJMTDSXY","LIB-MJ137-C10","LIB00026","10","C",0,"ILLUMINA-DNA-PREP","blank"
"LIB-MJ137-C3_02","3_02",516,77916,72633,67836,0.932196,0.87063,151,151,0.789761,78,11188,11007,10568,0.983822,0.944583,143,143,0.565695,78,5,7,24,0,414,0,0.275194,0,"211129_A00595_0124_BHVJMTDSXY","LIB-MJ137-C3","LIB00026","3","C",0.01,"ILLUMINA-DNA-PREP","blank"
"LIB-MJ137-F10_02","10_02",884,133484,122519,113948,0.917855,0.853645,151,151,0.6877,186,26286,25975,25041,0.988169,0.952636,141,141,0.567564,190,16,19,24,0,670,0,0.0927602,0,"211129_A00595_0124_BHVJMTDSXY","LIB-MJ137-F10","LIB00026","10","F",-0.01,"ILLUMINA-DNA-PREP","blank"
"LIB-MJ137-F3_02","3_02",654,98754,94765,89670,0.959607,0.908014,151,151,0.671315,400,58753,57912,55613,0.985686,0.946556,146,146,0.620173,406,14,18,10,0,238,0,0.0764526,0,"211129_A00595_0124_BHVJMTDSXY","LIB-MJ137-F3","LIB00026","3","F",-0.01,"ILLUMINA-DNA-PREP","blank"
"LIB-MJ177-C10_03","10_03",147368,22252568,21616647,20689086,0.971423,0.929739,151,151,0.626478,113768,16842443,16665125,16160531,0.989472,0.959512,147,148,0.628693,119764,2108,2553,2570,0,25034,0,0.0466044,0,"220318_A00595_0142_AHVH7CDSXY","LIB-MJ177-C10","LIB00048","10","C",0.01,"ILLUMINA-DNA-PREP","blank"
"LIB-MJ177-C3_03","3_03",1634,246734,234110,222246,0.948836,0.900751,151,151,0.716922,360,51265,50574,48684,0.986521,0.949654,142,142,0.519029,376,22,36,30,0,1228,0,0.152999,0,"220318_A00595_0142_AHVH7CDSXY","LIB-MJ177-C3","LIB00048","3","C",0.02,"ILLUMINA-DNA-PREP","blank"
"LIB-MJ177-F10_03","10_03",16984,2564584,2463127,2327180,0.960439,0.90743,151,151,0.455432,12000,1771578,1743791,1669960,0.984315,0.94264,147,147,0.413019,12458,420,532,288,0,4238,0,0.0458078,0,"220318_A00595_0142_AHVH7CDSXY","LIB-MJ177-F10","LIB00048","10","F",0.01,"ILLUMINA-DNA-PREP","blank"
"LIB-MJ177-F3_03","3_03",27180,4104180,3946002,3731274,0.961459,0.90914,151,151,0.481526,18492,2722254,2681883,2571291,0.98517,0.944545,147,147,0.432896,19312,736,974,384,0,7484,0,0.0601177,0,"220318_A00595_0142_AHVH7CDSXY","LIB-MJ177-F3","LIB00048","3","F",0.01,"ILLUMINA-DNA-PREP","blank"
"LIB-MJ226-C10_01","10_01",1338,202038,188535,177462,0.933166,0.87836,151,151,0.7262,114,15972,15807,15345,0.989669,0.960744,140,140,0.595292,120,14,15,10,0,1208,0,0.0418535,0,"220318_A00595_0142_AHVH7CDSXY","LIB-MJ226-C10","LIB00070","10","C",0.01,"ILLUMINA-DNA-PREP","blank"
"LIB-MJ226-C3_01","3_01",876,132276,123452,115858,0.933291,0.875881,151,151,0.770714,38,4676,4611,4457,0.986099,0.953165,122,123,0.615056,38,9,9,28,0,810,0,0.182648,0,"220318_A00595_0142_AHVH7CDSXY","LIB-MJ226-C3","LIB00070","3","C",0.02,"ILLUMINA-DNA-PREP","blank"
"LIB-MJ226-F10_01","10_01",662,99962,93046,87281,0.930814,0.873142,151,151,0.725936,44,5931,5843,5646,0.985163,0.951947,134,135,0.544259,46,7,7,6,0,610,0,0.0725076,0,"220318_A00595_0142_AHVH7CDSXY","LIB-MJ226-F10","LIB00070","10","F",0.01,"ILLUMINA-DNA-PREP","blank"
"LIB-MJ226-F3_01","3_01",636,96036,90890,85728,0.946416,0.892665,151,151,0.75177,56,7836,7723,7401,0.985579,0.944487,139,140,0.576187,60,3,3,10,0,566,0,0.226415,0,"220318_A00595_0142_AHVH7CDSXY","LIB-MJ226-F3","LIB00070","3","F",0.01,"ILLUMINA-DNA-PREP","blank"
"LIB-MJ227-C10_02","10_02",1762,266062,250563,237716,0.941747,0.893461,151,151,0.70378,378,53117,52612,51136,0.990493,0.962705,140,140,0.614756,402,19,20,24,0,1336,0,0.0726447,0,"220318_A00595_0142_AHVH7CDSXY","LIB-MJ227-C10","LIB00071","10","C",0.01,"ILLUMINA-DNA-PREP","blank"
"LIB-MJ227-C3_02","3_02",1280,193280,183802,174375,0.950962,0.902189,151,151,0.710539,298,42072,41673,40426,0.990516,0.960877,141,141,0.650314,318,7,8,20,0,942,0,0.109375,0,"220318_A00595_0142_AHVH7CDSXY","LIB-MJ227-C3","LIB00071","3","C",0.01,"ILLUMINA-DNA-PREP","blank"
"LIB-MJ227-F10_02","10_02",25762,3890062,3772579,3615993,0.969799,0.929546,151,151,0.606447,18934,2794179,2766535,2687929,0.990107,0.961975,147,147,0.604884,20048,412,505,436,0,5278,0,0.0512383,0,"220318_A00595_0142_AHVH7CDSXY","LIB-MJ227-F10","LIB00071","10","F",0.01,"ILLUMINA-DNA-PREP","blank"
"LIB-MJ227-F3_02","3_02",1482,223782,212099,200459,0.947793,0.895778,151,151,0.689515,228,30909,30597,29677,0.989906,0.960141,135,135,0.616778,242,15,18,18,0,1222,0,0.122807,0,"220318_A00595_0142_AHVH7CDSXY","LIB-MJ227-F3","LIB00071","3","F",0.01,"ILLUMINA-DNA-PREP","blank"
"LIB-MJ228-C10_01","10_01",1108,167308,153570,143742,0.917888,0.859146,151,151,0.743479,26,3074,3055,2969,0.993819,0.965843,118,118,0.57905,30,14,14,20,0,1058,0,0.0415162,0,"220318_A00595_0142_AHVH7CDSXY","LIB-MJ228-C10","LIB00072","10","C",0.02,"ILLUMINA-DNA-PREP","blank"
"LIB-MJ228-C3_01","3_01",1694,255794,243457,230168,0.95177,0.899818,151,151,0.680446,606,86784,85736,82825,0.987924,0.954381,142,143,0.640971,626,30,33,30,0,1038,0,0.0743802,0,"220318_A00595_0142_AHVH7CDSXY","LIB-MJ228-C3","LIB00072","3","C",0.01,"ILLUMINA-DNA-PREP","blank"
"LIB-MJ228-F10_01","10_01",950,143450,130648,122562,0.910756,0.854388,151,151,0.731189,56,7988,7904,7645,0.989484,0.957061,142,142,0.602278,60,14,18,16,0,874,0,0.00421053,0,"220318_A00595_0142_AHVH7CDSXY","LIB-MJ228-F10","LIB00072","10","F",0.01,"ILLUMINA-DNA-PREP","blank"
"LIB-MJ228-F3_01","3_01",658,99358,93486,88196,0.940901,0.887659,151,151,0.751676,10,1132,1119,1074,0.988516,0.948763,112,113,0.507951,10,2,2,14,0,634,0,0.133739,0,"220318_A00595_0142_AHVH7CDSXY","LIB-MJ228-F3","LIB00072","3","F",0.01,"ILLUMINA-DNA-PREP","blank"
"LIB-MJ230-C10_03","10_03",988,149188,138602,130502,0.929043,0.874749,151,151,0.720433,42,5416,5327,5131,0.983567,0.947378,128,129,0.55336,42,13,15,12,0,934,0,0.0384615,0,"220318_A00595_0142_AHVH7CDSXY","LIB-MJ230-C10","LIB00074","10","C",0.01,"ILLUMINA-DNA-PREP","blank"
"LIB-MJ230-C3_03","3_03",2624,396224,380125,361842,0.959369,0.913226,151,151,0.63776,1326,193054,191172,185730,0.990251,0.962062,145,145,0.610166,1370,60,72,42,0,1212,0,0.0411585,0,"220318_A00595_0142_AHVH7CDSXY","LIB-MJ230-C3","LIB00074","3","C",0.01,"ILLUMINA-DNA-PREP","blank"
"LIB-MJ230-F10_03","10_03",9086,1371986,1315236,1249089,0.958637,0.910424,151,151,0.582112,5022,734722,726276,702423,0.988504,0.956039,146,146,0.561056,5188,137,170,138,0,3760,0,0.0347788,0,"220318_A00595_0142_AHVH7CDSXY","LIB-MJ230-F10","LIB00074","10","F",0.02,"ILLUMINA-DNA-PREP","blank"
"LIB-MJ230-F3_03","3_03",960,144960,137002,129167,0.945102,0.891053,151,151,0.703974,80,10776,10630,10266,0.986451,0.952673,134,134,0.597346,82,3,3,12,0,866,0,0.122917,0,"220318_A00595_0142_AHVH7CDSXY","LIB-MJ230-F3","LIB00074","3","F",0.01,"ILLUMINA-DNA-PREP","blank"
"LIB-MJ231-C10_04","10_04",1024,154624,144470,136835,0.934331,0.884953,151,151,0.757386,90,12186,12105,11820,0.993353,0.969966,134,135,0.55892,92,7,8,2,0,930,0,0.0859375,0,"220318_A00595_0142_AHVH7CDSXY","LIB-MJ231-C10","LIB00075","10","C",0.01,"ILLUMINA-DNA-PREP","blank"
"LIB-MJ231-C3_04","3_04",1656,250056,236271,223232,0.944872,0.892728,151,151,0.735455,152,20297,20067,19439,0.988668,0.957728,133,133,0.621816,160,12,12,22,0,1474,0,0.157005,0,"220318_A00595_0142_AHVH7CDSXY","LIB-MJ231-C3","LIB00075","3","C",0.01,"ILLUMINA-DNA-PREP","blank"
"LIB-MJ231-F10_04","10_04",1454,219554,206805,195128,0.941932,0.888747,151,151,0.648966,358,52374,51589,49590,0.985012,0.946844,146,146,0.484821,378,21,28,30,0,1046,0,0.0715268,0,"220318_A00595_0142_AHVH7CDSXY","LIB-MJ231-F10","LIB00075","10","F",0.01,"ILLUMINA-DNA-PREP","blank"
"LIB-MJ231-F3_04","3_04",4332,654132,622797,589411,0.952097,0.901058,151,151,0.635985,1094,155412,153381,147760,0.986932,0.950763,142,142,0.47008,1152,61,69,60,0,3120,0,0.153278,0,"220318_A00595_0142_AHVH7CDSXY","LIB-MJ231-F3","LIB00075","3","F",0.01,"ILLUMINA-DNA-PREP","blank"
"LIB-MJ251-C10_04","10_04",1170,176670,163350,153686,0.924605,0.869904,151,151,0.695726,68,9304,9256,9036,0.994841,0.971195,136,137,0.568895,70,17,20,18,0,1082,0,0.0222222,0,"220318_A00595_0142_AHVH7CDSXY","LIB-MJ251-C10","LIB00077","10","C",0.01,"ILLUMINA-DNA-PREP","blank"
"LIB-MJ251-C3_04","3_04",1574,237674,222429,208505,0.935858,0.877273,151,151,0.708117,74,9438,9346,9104,0.990252,0.964611,127,127,0.591651,76,13,16,30,0,1468,0,0.105464,0,"220318_A00595_0142_AHVH7CDSXY","LIB-MJ251-C3","LIB00077","3","C",0.01,"ILLUMINA-DNA-PREP","blank"
"LIB-MJ251-F10_04","10_04",1814,273914,249275,233840,0.910048,0.853699,151,151,0.696532,124,16478,16321,15830,0.990472,0.960675,132,133,0.587996,124,18,19,28,0,1662,0,0,0,"220318_A00595_0142_AHVH7CDSXY","LIB-MJ251-F10","LIB00077","10","F",0.01,"ILLUMINA-DNA-PREP","blank"
"LIB-MJ251-F3_04","3_04",1118,168818,158828,149961,0.940824,0.8883,151,151,0.718958,38,4744,4716,4612,0.994098,0.972175,124,124,0.577782,38,8,8,8,0,1072,0,0.109123,0,"220318_A00595_0142_AHVH7CDSXY","LIB-MJ251-F3","LIB00077","3","F",0.01,"ILLUMINA-DNA-PREP","blank"
"LIB-MJ252-C10_02","10_02",2124,320724,296284,278670,0.923797,0.868878,151,151,0.698021,134,17398,17264,16798,0.992298,0.965513,129,130,0.545752,136,23,32,30,0,1958,0,0.0338983,0,"220318_A00595_0142_AHVH7CDSXY","LIB-MJ252-C10","LIB00078","10","C",0.01,"ILLUMINA-DNA-PREP","blank"
"LIB-MJ252-C3_02","3_02",1278,192978,180729,170503,0.936526,0.883536,151,151,0.751044,32,3852,3820,3697,0.991693,0.959761,119,120,0.615265,34,12,12,28,0,1216,0,0.183099,0,"220318_A00595_0142_AHVH7CDSXY","LIB-MJ252-C3","LIB00078","3","C",0.01,"ILLUMINA-DNA-PREP","blank"
"LIB-MJ252-F10_02","10_02",1114,168214,153125,144550,0.910299,0.859322,151,151,0.751257,18,2414,2381,2309,0.98633,0.956504,134,134,0.529826,18,4,4,22,0,1074,0,0.00179533,0,"220318_A00595_0142_AHVH7CDSXY","LIB-MJ252-F10","LIB00078","10","F",0.01,"ILLUMINA-DNA-PREP","blank"
"LIB-MJ252-F3_02","3_02",3036,458436,430483,406117,0.939025,0.885875,151,151,0.705784,128,17330,17134,16636,0.98869,0.959954,135,135,0.606809,136,33,39,34,0,2866,0,0.113966,0,"220318_A00595_0142_AHVH7CDSXY","LIB-MJ252-F3","LIB00078","3","F",0.04,"ILLUMINA-DNA-PREP","blank"
"LIB-MJ145-C10_01","10_01",2144,323744,299065,286749,0.92377,0.885728,151,151,0.892662,50,7328,7230,6984,0.986627,0.953057,146,146,0.558543,50,4,4,14,0,2080,0,0.0102612,0,"220324_A00595_0144_AHGKYMDSX3","LIB-MJ145-C10","LIB00030","10","C",0.01,"ILLUMINA-DNA-PREP","blank"
"LIB-MJ145-C3_01","3_01",1836,277236,259163,246128,0.93481,0.887792,151,151,0.838239,250,37076,36570,34993,0.986352,0.943818,148,148,0.634939,256,9,11,48,0,1532,0,0.0762527,0,"220324_A00595_0144_AHGKYMDSX3","LIB-MJ145-C3","LIB00030","3","C",0.02,"ILLUMINA-DNA-PREP","blank"
"LIB-MJ145-F10_01","10_01",1584,239184,221736,212003,0.927052,0.886359,151,151,0.852147,100,14826,14658,14237,0.988669,0.960272,147,148,0.599892,102,4,4,24,0,1458,0,0.0189394,0,"220324_A00595_0144_AHGKYMDSX3","LIB-MJ145-F10","LIB00030","10","F",0.01,"ILLUMINA-DNA-PREP","blank"
"LIB-MJ145-F3_01","3_01",5470,825970,776287,742422,0.939849,0.898849,151,151,0.854602,146,20304,19909,18933,0.980546,0.932476,139,138,0.511377,154,19,28,70,0,5246,0,0.267276,0,"220324_A00595_0144_AHGKYMDSX3","LIB-MJ145-F3","LIB00030","3","F",0.01,"ILLUMINA-DNA-PREP","blank"
"LIB-MJ146-C10_01","10_01",3090,466590,426666,404878,0.914435,0.867738,151,151,0.869166,208,30898,30340,28932,0.981941,0.936371,148,148,0.591721,210,5,7,80,0,2800,0,0.0621359,0,"220324_A00595_0144_AHGKYMDSX3","LIB-MJ146-C10","LIB00031","10","C",0.01,"ILLUMINA-DNA-PREP","blank"
"LIB-MJ146-C3_01","3_01",1996,301396,280952,269047,0.932169,0.892669,151,151,0.867968,86,12717,12494,11894,0.982464,0.935283,147,148,0.532987,86,4,4,30,0,1880,0,0.0621242,0,"220324_A00595_0144_AHGKYMDSX3","LIB-MJ146-C3","LIB00031","3","C",0.02,"ILLUMINA-DNA-PREP","blank"
"LIB-MJ146-F10_01","10_01",2474,373574,344898,329581,0.923239,0.882238,151,151,0.85269,76,11272,11100,10602,0.984741,0.940561,148,148,0.51384,78,7,8,32,0,2364,0,0.0274859,0,"220324_A00595_0144_AHGKYMDSX3","LIB-MJ146-F10","LIB00031","10","F",0.01,"ILLUMINA-DNA-PREP","blank"
"LIB-MJ146-F3_01","3_01",2776,419176,383064,365546,0.91385,0.872059,151,151,0.873111,108,15970,15655,14882,0.980276,0.931872,148,147,0.550971,110,11,13,46,0,2620,0,0.0461095,0,"220324_A00595_0144_AHGKYMDSX3","LIB-MJ146-F3","LIB00031","3","F",0.01,"ILLUMINA-DNA-PREP","blank"
"LIB-MJ147-C10_02","10_02",1464,221064,203956,195207,0.922611,0.883034,151,151,0.872616,56,8167,8063,7763,0.987266,0.950533,145,146,0.595323,56,1,1,2,0,1406,0,0.00409836,0,"220324_A00595_0144_AHGKYMDSX3","LIB-MJ147-C10","LIB00032","10","C",0.02,"ILLUMINA-DNA-PREP","blank"
"LIB-MJ147-C3_02","3_02",1738,262438,246919,235741,0.940866,0.898273,151,151,0.814813,348,51700,50900,48840,0.984526,0.944681,148,148,0.612689,360,7,9,24,0,1354,0,0.0782509,0,"220324_A00595_0144_AHGKYMDSX3","LIB-MJ147-C3","LIB00032","3","C",0.02,"ILLUMINA-DNA-PREP","blank"
"LIB-MJ147-F10_02","10_02",1106,167006,155082,149182,0.928601,0.893273,151,151,0.869262,38,5556,5450,5197,0.980922,0.935385,146,146,0.513499,40,0,0,8,0,1058,0,0.0126582,0,"220324_A00595_0144_AHGKYMDSX3","LIB-MJ147-F10","LIB00032","10","F",0.01,"ILLUMINA-DNA-PREP","blank"
"LIB-MJ147-F3_02","3_02",1262,190562,179963,172565,0.94438,0.905558,151,151,0.837444,138,20441,20182,19412,0.987329,0.94966,147,148,0.596155,142,2,6,8,0,1112,0,0.0950872,0,"220324_A00595_0144_AHGKYMDSX3","LIB-MJ147-F3","LIB00032","3","F",0.02,"ILLUMINA-DNA-PREP","blank"
"LIB-MJ148-C10_02","10_02",10962,1655262,1560137,1471505,0.942532,0.888986,151,151,0.687785,6038,892131,878099,842302,0.984271,0.944146,147,147,0.62182,6244,219,302,282,0,4436,0,0.0439701,0,"220324_A00595_0144_AHGKYMDSX3","LIB-MJ148-C10","LIB00033","10","C",0.02,"ILLUMINA-DNA-PREP","blank"
"LIB-MJ148-C3_02","3_02",2196,331596,308676,294796,0.93088,0.889022,151,151,0.831841,234,34476,33832,32275,0.98132,0.936158,147,147,0.505192,236,4,6,26,0,1934,0,0.0327869,0,"220324_A00595_0144_AHGKYMDSX3","LIB-MJ148-C3","LIB00033","3","C",0.02,"ILLUMINA-DNA-PREP","blank"
"LIB-MJ148-F10_02","10_02",1620,244620,225944,215435,0.923653,0.880693,151,151,0.843647,140,20460,20152,19393,0.984946,0.947849,145,147,0.618475,144,13,18,34,0,1442,0,0.00493827,0,"220324_A00595_0144_AHGKYMDSX3","LIB-MJ148-F10","LIB00033","10","F",0.01,"ILLUMINA-DNA-PREP","blank"
"LIB-MJ148-F3_02","3_02",2478,374178,347309,330366,0.928192,0.882911,151,151,0.795218,706,104005,102450,98530,0.985049,0.947358,147,147,0.64794,726,21,22,44,0,1708,0,0.0363196,0,"220324_A00595_0144_AHGKYMDSX3","LIB-MJ148-F3","LIB00033","3","F",0.01,"ILLUMINA-DNA-PREP","blank"
"LIB-MJ149-C10_03","10_03",2448,369648,339643,325525,0.918828,0.880635,151,151,0.878384,62,9016,8852,8393,0.98181,0.930901,145,145,0.549246,62,7,9,38,0,2348,0,0.0106209,0,"220324_A00595_0144_AHGKYMDSX3","LIB-MJ149-C10","LIB00034","10","C",0.03,"ILLUMINA-DNA-PREP","blank"
"LIB-MJ149-C3_03","3_03",1092,164892,154409,148007,0.936425,0.8976,151,151,0.863784,56,8352,8204,7871,0.98228,0.942409,149,148,0.570761,56,4,5,14,0,1022,0,0.100733,0,"220324_A00595_0144_AHGKYMDSX3","LIB-MJ149-C3","LIB00034","3","C",0.02,"ILLUMINA-DNA-PREP","blank"
"LIB-MJ149-F10_03","10_03",2992,451792,416628,395057,0.922168,0.874422,151,151,0.744168,544,76427,75394,72469,0.986484,0.948212,140,140,0.485077,558,37,42,32,0,2402,0,0.0180481,0,"220324_A00595_0144_AHGKYMDSX3","LIB-MJ149-F10","LIB00034","10","F",0.02,"ILLUMINA-DNA-PREP","blank"
"LIB-MJ149-F3_03","3_03",2044,308644,288035,275911,0.933227,0.893946,151,151,0.862473,118,17395,17162,16528,0.986605,0.950158,148,146,0.620523,118,5,7,22,0,1904,0,0.074364,0,"220324_A00595_0144_AHGKYMDSX3","LIB-MJ149-F3","LIB00034","3","F",0.04,"ILLUMINA-DNA-PREP","blank"
"LIB-MJ150-C10_03","10_03",6404,967004,906180,868744,0.937101,0.898387,151,151,0.8652,232,33537,33058,31794,0.985717,0.948028,144,144,0.490086,240,18,24,100,0,6064,0,0.201124,0,"220324_A00595_0144_AHGKYMDSX3","LIB-MJ150-C10","LIB00035","10","C",0.06,"ILLUMINA-DNA-PREP","blank"
"LIB-MJ150-C3_03","3_03",2766,417666,388768,372984,0.930811,0.89302,151,151,0.876241,60,8846,8726,8428,0.986435,0.952747,146,147,0.526566,66,6,7,50,0,2650,0,0.106291,0,"220324_A00595_0144_AHGKYMDSX3","LIB-MJ150-C3","LIB00035","3","C",0.03,"ILLUMINA-DNA-PREP","blank"
"LIB-MJ150-F10_03","10_03",4720,712720,661616,631020,0.928297,0.885369,151,151,0.833198,484,71409,70170,67048,0.982649,0.938929,147,147,0.481662,502,21,29,84,0,4134,0,0.0610169,0,"220324_A00595_0144_AHGKYMDSX3","LIB-MJ150-F10","LIB00035","10","F",0.02,"ILLUMINA-DNA-PREP","blank"
"LIB-MJ150-F3_03","3_03",4206,635106,593963,564397,0.935219,0.888666,151,151,0.823984,562,82472,81185,77697,0.984395,0.942102,146,146,0.518115,584,20,26,42,0,3580,0,0.103186,0,"220324_A00595_0144_AHGKYMDSX3","LIB-MJ150-F3","LIB00035","3","F",0.02,"ILLUMINA-DNA-PREP","blank"
"LIB-MJ151-C10_04","10_04",1343082,202805382,195889324,187302972,0.965898,0.92356,151,151,0.612512,1037354,152788841,151149103,146557925,0.989268,0.959219,147,147,0.615656,1064104,28017,35328,19646,4,259328,0,0.0202683,151,"220324_A00595_0144_AHGKYMDSX3","LIB-MJ151-C10","LIB00036","10","C",0.03,"ILLUMINA-DNA-PREP","blank"
"LIB-MJ151-C3_04","3_04",1222,184522,176180,169167,0.954791,0.916785,151,151,0.754636,528,79161,78327,76051,0.989465,0.960713,149,150,0.645949,544,15,21,10,0,668,0,0.0523732,0,"220324_A00595_0144_AHGKYMDSX3","LIB-MJ151-C3","LIB00036","3","C",0.01,"ILLUMINA-DNA-PREP","blank"
"LIB-MJ151-F10_04","10_04",928,140128,128958,124103,0.920287,0.88564,151,151,0.871553,76,11153,10995,10656,0.985833,0.955438,146,146,0.600825,76,1,1,6,0,846,0,0.00431034,0,"220324_A00595_0144_AHGKYMDSX3","LIB-MJ151-F10","LIB00036","10","F",0.01,"ILLUMINA-DNA-PREP","blank"
"LIB-MJ151-F3_04","3_04",876,132276,124174,119436,0.938749,0.90293,151,151,0.845754,102,15058,14769,14150,0.980808,0.9397,146,148,0.621796,102,4,4,4,0,770,0,0.0570776,0,"220324_A00595_0144_AHGKYMDSX3","LIB-MJ151-F3","LIB00036","3","F",0.01,"ILLUMINA-DNA-PREP","blank"
"LIB-MJ171-C10_04","10_04",2542,383842,359200,342706,0.935802,0.892831,151,151,0.783354,190,27426,27162,26393,0.990374,0.962335,144,144,0.602421,202,8,10,12,0,2328,0,0.102282,0,"220324_A00595_0144_AHGKYMDSX3","LIB-MJ171-C10","LIB00042","10","C",0.01,"ILLUMINA-DNA-PREP","blank"
"LIB-MJ171-C3_04","3_04",1206,182106,169415,161817,0.93031,0.888587,151,151,0.795559,40,5589,5512,5318,0.986223,0.951512,139,140,0.551798,40,7,9,10,0,1156,0,0.0414594,0,"220324_A00595_0144_AHGKYMDSX3","LIB-MJ171-C3","LIB00042","3","C",0.02,"ILLUMINA-DNA-PREP","blank"
"LIB-MJ171-F10_04","10_04",1448,218648,202332,192647,0.925378,0.881083,151,151,0.761054,88,12320,12148,11631,0.986039,0.944075,138,141,0.465909,90,8,11,14,0,1344,0,0.0138122,0,"220324_A00595_0144_AHGKYMDSX3","LIB-MJ171-F10","LIB00042","10","F",0.01,"ILLUMINA-DNA-PREP","blank"
"LIB-MJ171-F3_04","3_04",1136,171536,159185,150895,0.927998,0.87967,151,151,0.780361,90,12718,12545,12134,0.986397,0.954081,141,141,0.539865,96,15,19,14,0,1026,0,0.0739437,0,"220324_A00595_0144_AHGKYMDSX3","LIB-MJ171-F3","LIB00042","3","F",0.01,"ILLUMINA-DNA-PREP","blank"
"LIB-MJ138-C10_03","10_03",2880,434880,395451,373763,0.909334,0.859462,151,151,0.854397,226,32903,32376,30921,0.983983,0.939762,145,145,0.514391,232,9,10,86,0,2562,0,0.0180556,0,"220401_A00595_0148_AHGL7FDSX3","LIB-MJ138-C10","LIB00027","10","C",0.01,"ILLUMINA-DNA-PREP","blank"
"LIB-MJ138-C3_03","3_03",2564,387164,363968,345988,0.940087,0.893647,151,151,0.793801,580,85076,83809,80584,0.985107,0.9472,146,146,0.570619,594,38,46,60,0,1910,0,0.114665,0,"220401_A00595_0148_AHGL7FDSX3","LIB-MJ138-C3","LIB00027","3","C",0.01,"ILLUMINA-DNA-PREP","blank"
"LIB-MJ138-F10_03","10_03",1806,272706,253122,240523,0.928186,0.881986,151,151,0.826964,176,25726,25316,24388,0.984063,0.94799,146,146,0.543575,184,9,11,42,0,1580,0,0.0719823,0,"220401_A00595_0148_AHGL7FDSX3","LIB-MJ138-F10","LIB00027","10","F",0.01,"ILLUMINA-DNA-PREP","blank"
"LIB-MJ138-F3_03","3_03",16192,2444992,2332192,2211839,0.953865,0.904641,151,151,0.671982,10846,1597945,1576172,1518827,0.986374,0.950488,147,147,0.642755,11340,534,689,394,0,4458,0,0.0318676,0,"220401_A00595_0148_AHGL7FDSX3","LIB-MJ138-F3","LIB00027","3","F",0,"ILLUMINA-DNA-PREP","blank"
"LIB-MJ166-C10_01","10_01",876,132276,121057,114058,0.915185,0.862273,151,151,0.842829,40,5822,5678,5357,0.975266,0.920131,146,144,0.60529,46,5,5,16,0,814,0,0.00913242,0,"220401_A00595_0148_AHGL7FDSX3","LIB-MJ166-C10","LIB00037","10","C",0.02,"ILLUMINA-DNA-PREP","blank"
"LIB-MJ166-C3_01","3_01",1286,194186,181046,169144,0.932333,0.871041,151,151,0.693938,248,34687,33917,32099,0.977801,0.92539,139,140,0.465535,248,28,38,28,0,1010,0,0.0342146,0,"220401_A00595_0148_AHGL7FDSX3","LIB-MJ166-C3","LIB00037","3","C",0.02,"ILLUMINA-DNA-PREP","blank"
"LIB-MJ166-F10_01","10_01",128582,19415882,18512224,17305961,0.953458,0.89133,151,151,0.597734,96680,14343136,14071717,13397817,0.981077,0.934093,148,148,0.598796,99112,2386,3051,4026,0,25444,0,0.0192406,0,"220401_A00595_0148_AHGL7FDSX3","LIB-MJ166-F10","LIB00037","10","F",0.02,"ILLUMINA-DNA-PREP","blank"
"LIB-MJ166-F3_01","3_01",676,102076,94546,88908,0.926231,0.870998,151,151,0.809554,48,6760,6575,6152,0.972633,0.910059,142,139,0.603994,48,8,11,22,0,606,0,0.035503,0,"220401_A00595_0148_AHGL7FDSX3","LIB-MJ166-F3","LIB00037","3","F",0.01,"ILLUMINA-DNA-PREP","blank"
"LIB-MJ167-C10_02","10_02",1374,207474,194805,183844,0.938937,0.886106,151,151,0.743226,342,49884,49037,46850,0.983021,0.939179,145,146,0.519866,356,13,17,44,0,974,0,0.084425,0,"220401_A00595_0148_AHGL7FDSX3","LIB-MJ167-C10","LIB00038","10","C",0.01,"ILLUMINA-DNA-PREP","blank"
"LIB-MJ167-C3_02","3_02",1562,235862,219103,206047,0.928946,0.873591,151,151,0.739958,224,31612,31129,29924,0.984721,0.946603,140,141,0.570606,228,15,24,30,0,1304,0,0.0448143,0,"220401_A00595_0148_AHGL7FDSX3","LIB-MJ167-C3","LIB00038","3","C",0.02,"ILLUMINA-DNA-PREP","blank"
"LIB-MJ167-F10_02","10_02",3250,490750,462561,431008,0.942559,0.878264,151,151,0.533624,1912,282809,276964,262402,0.979332,0.927842,147,148,0.426507,1948,75,91,94,0,1208,0,0.0184615,0,"220401_A00595_0148_AHGL7FDSX3","LIB-MJ167-F10","LIB00038","10","F",0.01,"ILLUMINA-DNA-PREP","blank"
"LIB-MJ167-F3_02","3_02",6384,963984,911198,852307,0.945242,0.884151,151,151,0.569798,3294,477414,469007,447340,0.982391,0.937006,144,145,0.495547,3412,202,254,136,0,2836,0,0.0316416,0,"220401_A00595_0148_AHGL7FDSX3","LIB-MJ167-F3","LIB00038","3","F",0.01,"ILLUMINA-DNA-PREP","blank"
"LIB-MJ168-C10_02","10_02",1126,170026,154009,143438,0.905797,0.843624,151,151,0.734058,32,4072,4015,3862,0.986002,0.948428,127,127,0.581532,32,22,30,14,0,1080,0,0,0,"220401_A00595_0148_AHGL7FDSX3","LIB-MJ168-C10","LIB00039","10","C",0.02,"ILLUMINA-DNA-PREP","blank"
"LIB-MJ168-C3_02","3_02",642,96942,89164,82910,0.919766,0.855254,151,151,0.701708,42,5544,5497,5350,0.991522,0.965007,132,132,0.587662,46,16,21,12,0,584,0,0.0373832,0,"220401_A00595_0148_AHGL7FDSX3","LIB-MJ168-C3","LIB00039","3","C",0.01,"ILLUMINA-DNA-PREP","blank"
"LIB-MJ168-F10_02","10_02",5058,763758,683755,636439,0.895251,0.833299,151,151,0.727512,64,7862,7735,7418,0.983846,0.943526,122,122,0.53307,66,69,87,116,0,4876,0,0.00276789,0,"220401_A00595_0148_AHGL7FDSX3","LIB-MJ168-F10","LIB00039","10","F",0.02,"ILLUMINA-DNA-PREP","blank"
"LIB-MJ168-F3_02","3_02",548,82748,77224,72479,0.933243,0.8759,151,151,0.676911,84,11569,11384,10873,0.984009,0.939839,137,138,0.411531,86,18,21,4,0,458,0,0.0328467,0,"220401_A00595_0148_AHGL7FDSX3","LIB-MJ168-F3","LIB00039","3","F",0.01,"ILLUMINA-DNA-PREP","blank"
"LIB-MJ170-C10_03","10_03",902,136202,124539,116939,0.91437,0.85857,151,151,0.746817,110,16050,15874,15348,0.989034,0.956262,146,145,0.624174,114,12,13,24,0,764,0,0.00665188,0,"220401_A00595_0148_AHGL7FDSX3","LIB-MJ170-C10","LIB00041","10","C",0.02,"ILLUMINA-DNA-PREP","blank"
"LIB-MJ170-C3_03","3_03",476,71876,66101,61240,0.919653,0.852023,151,151,0.710696,24,3106,3058,2918,0.984546,0.939472,131,127,0.570831,26,9,9,10,0,440,0,0.00840336,0,"220401_A00595_0148_AHGL7FDSX3","LIB-MJ170-C3","LIB00041","3","C",0.01,"ILLUMINA-DNA-PREP","blank"
"LIB-MJ170-F10_03","10_03",562,84862,76210,70883,0.898046,0.835274,151,151,0.740532,38,5284,5188,4933,0.981832,0.933573,139,139,0.629069,40,12,13,12,0,510,0,0.00355872,0,"220401_A00595_0148_AHGL7FDSX3","LIB-MJ170-F10","LIB00041","10","F",0.01,"ILLUMINA-DNA-PREP","blank"
"LIB-MJ170-F3_03","3_03",482,72782,68110,64184,0.935808,0.881866,151,151,0.709915,126,18375,18105,17386,0.985306,0.946177,146,145,0.616054,128,11,12,8,0,346,0,0.0248963,0,"220401_A00595_0148_AHGL7FDSX3","LIB-MJ170-F3","LIB00041","3","F",0.01,"ILLUMINA-DNA-PREP","blank"
"LIB-MJ172-C10_04","10_04",2608,393808,355981,332266,0.903946,0.843726,151,151,0.724708,102,13586,13411,12803,0.987119,0.942367,132,133,0.581039,102,42,48,54,0,2452,0,0.00230061,0,"220401_A00595_0148_AHGL7FDSX3","LIB-MJ172-C10","LIB00043","10","C",0.02,"ILLUMINA-DNA-PREP","blank"
"LIB-MJ172-C3_04","3_04",6410,967910,900152,839069,0.929996,0.866887,151,151,0.652247,1552,222769,219538,210908,0.985496,0.946757,143,143,0.623781,1602,157,205,114,0,4694,0,0.0174727,0,"220401_A00595_0148_AHGL7FDSX3","LIB-MJ172-C3","LIB00043","3","C",0.01,"ILLUMINA-DNA-PREP","blank"
"LIB-MJ172-F10_04","10_04",3314,500414,448386,416431,0.89603,0.832173,151,151,0.699992,168,23673,23377,22549,0.987496,0.95252,140,141,0.584168,170,65,72,84,0,3060,0,0.001207,0,"220401_A00595_0148_AHGL7FDSX3","LIB-MJ172-F10","LIB00043","10","F",0.01,"ILLUMINA-DNA-PREP","blank"
"LIB-MJ172-F3_04","3_04",3122,471422,431542,401086,0.915405,0.8508,151,151,0.696213,96,12221,12076,11711,0.988135,0.958269,127,127,0.601997,96,44,49,58,0,2968,0,0.0108905,0,"220401_A00595_0148_AHGL7FDSX3","LIB-MJ172-F3","LIB00043","3","F",0.01,"ILLUMINA-DNA-PREP","blank"
"LIB-MJ191-C10_04","10_04",3340,504340,469664,439941,0.931245,0.87231,151,151,0.700866,494,71368,69988,66403,0.980664,0.930431,144,144,0.435195,516,60,67,40,0,2784,0,0.0784431,0,"220401_A00595_0148_AHGL7FDSX3","LIB-MJ191-C10","LIB00050","10","C",0.01,"ILLUMINA-DNA-PREP","blank"
"LIB-MJ191-C3_04","3_04",2746,414646,382058,357311,0.921408,0.861725,151,151,0.715902,298,42576,41691,39542,0.979214,0.928739,143,142,0.449455,304,49,59,90,0,2352,0,0.0342316,0,"220401_A00595_0148_AHGL7FDSX3","LIB-MJ191-C3","LIB00050","3","C",0.02,"ILLUMINA-DNA-PREP","blank"
"LIB-MJ191-F10_04","10_04",2386,360286,328433,305683,0.91159,0.848445,151,151,0.719972,92,12460,12264,11772,0.98427,0.944783,136,134,0.504575,96,36,42,50,0,2240,0,0.0117351,0,"220401_A00595_0148_AHGL7FDSX3","LIB-MJ191-F10","LIB00050","10","F",0.01,"ILLUMINA-DNA-PREP","blank"
"LIB-MJ191-F3_04","3_04",4660,703660,648943,603719,0.922239,0.85797,151,151,0.689552,390,53431,52577,50261,0.984017,0.940671,137,136,0.516124,408,77,90,88,0,4164,0,0.0351931,0,"220401_A00595_0148_AHGL7FDSX3","LIB-MJ191-F3","LIB00050","3","F",0.01,"ILLUMINA-DNA-PREP","blank"
"LIB-MJ195-C10_01","10_01",2260,341260,313477,294043,0.918587,0.861639,151,151,0.739565,194,26868,26426,25187,0.983549,0.937435,138,138,0.54135,198,36,46,32,0,2030,0,0.0115044,0,"220401_A00595_0148_AHGL7FDSX3","LIB-MJ195-C10","LIB00054","10","C",0.01,"ILLUMINA-DNA-PREP","blank"
"LIB-MJ195-C3_01","3_01",1410,212910,199309,188494,0.936119,0.885322,151,151,0.818139,60,8475,8311,7926,0.980649,0.935221,140,141,0.530029,62,5,5,28,0,1320,0,0.114894,0,"220401_A00595_0148_AHGL7FDSX3","LIB-MJ195-C3","LIB00054","3","C",0.01,"ILLUMINA-DNA-PREP","blank"
"LIB-MJ195-F10_01","10_01",1732,261532,243772,229485,0.932092,0.877464,151,151,0.748417,370,53389,52631,50515,0.985802,0.946169,143,144,0.646182,376,24,29,50,0,1306,0,0.034642,0,"220401_A00595_0148_AHGL7FDSX3","LIB-MJ195-F10","LIB00054","10","F",0.01,"ILLUMINA-DNA-PREP","blank"
"LIB-MJ195-F3_01","3_01",1660,250660,234002,220379,0.933543,0.879195,151,151,0.792775,50,6599,6490,6239,0.983482,0.945446,131,132,0.539476,50,20,24,32,0,1578,0,0.159036,0,"220401_A00595_0148_AHGL7FDSX3","LIB-MJ195-F3","LIB00054","3","F",0.01,"ILLUMINA-DNA-PREP","blank"
"LIB-MJ173-C10_01","10_01",7268,1097468,1041083,980509,0.948623,0.893428,151,151,0.666224,3822,561553,552292,528791,0.983508,0.941658,146,147,0.615377,3958,176,220,156,0,3154,0,0.0481563,0,"220429_A00595_0154_BHHCM7DSX3","LIB-MJ173-C10","LIB00044","10","C",0.02,"ILLUMINA-DNA-PREP","blank"
"LIB-MJ173-C3_01","3_01",8304,1253904,1189816,1118401,0.948889,0.891935,151,151,0.63927,4840,704337,693221,664497,0.984218,0.943436,145,145,0.628172,4970,256,342,212,0,3122,0,0.0199904,0,"220429_A00595_0154_BHHCM7DSX3","LIB-MJ173-C3","LIB00044","3","C",0.01,"ILLUMINA-DNA-PREP","blank"
"LIB-MJ173-F10_01","10_01",408972,61754772,58637395,55080322,0.94952,0.89192,151,151,0.615876,253410,36532541,35965999,34500442,0.984492,0.944376,143,144,0.622852,261116,14599,18804,9860,0,137996,0,0.0198644,151,"220429_A00595_0154_BHHCM7DSX3","LIB-MJ173-F10","LIB00044","10","F",0.01,"ILLUMINA-DNA-PREP","blank"
"LIB-MJ173-F3_01","3_01",2480,374480,345597,323948,0.922872,0.865061,151,151,0.752083,196,27140,26787,25774,0.986993,0.949668,138,138,0.575497,204,22,24,36,0,2240,0,0.0524194,0,"220429_A00595_0154_BHHCM7DSX3","LIB-MJ173-F3","LIB00044","3","F",0.01,"ILLUMINA-DNA-PREP","blank"
"LIB-MJ174-C10_01","10_01",1394,210494,191082,178683,0.907779,0.848875,151,151,0.73947,142,20626,20178,19169,0.97828,0.929361,145,145,0.617473,144,17,20,30,0,1220,0,0.00286944,0,"220429_A00595_0154_BHHCM7DSX3","LIB-MJ174-C10","LIB00045","10","C",0.03,"ILLUMINA-DNA-PREP","blank"
"LIB-MJ174-C3_01","3_01",766,115666,106058,98659,0.916933,0.852965,151,151,0.744575,28,3690,3648,3543,0.988618,0.960163,132,130,0.611382,28,8,10,14,0,724,0,0.0104439,0,"220429_A00595_0154_BHHCM7DSX3","LIB-MJ174-C3","LIB00045","3","C",0.01,"ILLUMINA-DNA-PREP","blank"
"LIB-MJ174-F10_01","10_01",1530,231030,206220,192591,0.892611,0.833619,151,151,0.731437,34,4318,4268,4146,0.988421,0.960167,125,128,0.53497,38,15,17,42,0,1450,0,0.00392157,0,"220429_A00595_0154_BHHCM7DSX3","LIB-MJ174-F10","LIB00045","10","F",0.01,"ILLUMINA-DNA-PREP","blank"
"LIB-MJ174-F3_01","3_01",1148,173348,159479,149623,0.919993,0.863137,151,151,0.7467,60,8012,7890,7561,0.984773,0.943709,133,133,0.590364,62,17,22,26,0,1060,0,0.0261324,0,"220429_A00595_0154_BHHCM7DSX3","LIB-MJ174-F3","LIB00045","3","F",0.02,"ILLUMINA-DNA-PREP","blank"
"LIB-MJ175-C10_02","10_02",3096,467496,432807,405808,0.925798,0.868046,151,151,0.739797,154,20536,20251,19439,0.986122,0.946582,133,133,0.596367,162,38,44,54,0,2880,0,0.0704134,0,"220429_A00595_0154_BHHCM7DSX3","LIB-MJ175-C10","LIB00046","10","C",0.02,"ILLUMINA-DNA-PREP","blank"
"LIB-MJ175-C3_02","3_02",2526,381426,355014,332387,0.930755,0.871432,151,151,0.67384,814,118831,116875,111950,0.98354,0.942094,145,146,0.618913,832,47,62,62,0,1632,0,0.0126683,0,"220429_A00595_0154_BHHCM7DSX3","LIB-MJ175-C3","LIB00046","3","C",0.01,"ILLUMINA-DNA-PREP","blank"
"LIB-MJ175-F10_02","10_02",2250,339750,312384,291423,0.919453,0.857757,151,151,0.699158,392,57081,56018,53446,0.981377,0.936319,145,145,0.608521,402,32,45,38,0,1810,0,0.008,0,"220429_A00595_0154_BHHCM7DSX3","LIB-MJ175-F10","LIB00046","10","F",0.01,"ILLUMINA-DNA-PREP","blank"
"LIB-MJ175-F3_02","3_02",4028,608228,562188,524717,0.924305,0.862698,151,151,0.701574,570,77336,76045,72837,0.983307,0.941825,135,135,0.622181,592,88,119,56,0,3380,0,0.0327706,0,"220429_A00595_0154_BHHCM7DSX3","LIB-MJ175-F3","LIB00046","3","F",0.01,"ILLUMINA-DNA-PREP","blank"
"LIB-MJ176-C10_03","10_03",1142,172442,156299,145812,0.906386,0.845571,151,151,0.758487,60,8519,8402,8052,0.986266,0.945181,143,140,0.514262,62,12,15,40,0,1040,0,0.00525394,0,"220429_A00595_0154_BHHCM7DSX3","LIB-MJ176-C10","LIB00047","10","C",0.02,"ILLUMINA-DNA-PREP","blank"
"LIB-MJ176-C3_03","3_03",1154,174254,161585,151519,0.927296,0.86953,151,151,0.728706,74,10332,10204,9784,0.987611,0.946961,139,139,0.568138,76,22,25,18,0,1060,0,0.0381282,0,"220429_A00595_0154_BHHCM7DSX3","LIB-MJ176-C3","LIB00047","3","C",0.01,"ILLUMINA-DNA-PREP","blank"
"LIB-MJ176-F10_03","10_03",970,146470,131480,122616,0.897658,0.837141,151,151,0.765863,26,3231,3123,2917,0.966574,0.902816,127,121,0.538842,26,12,19,32,0,912,0,0,0,"220429_A00595_0154_BHHCM7DSX3","LIB-MJ176-F10","LIB00047","10","F",0.01,"ILLUMINA-DNA-PREP","blank"
"LIB-MJ176-F3_03","3_03",2362,356662,333261,311387,0.934389,0.873059,151,151,0.604671,638,88451,86658,82231,0.979729,0.929679,138,138,0.429696,662,80,108,32,0,1668,0,0.0330229,0,"220429_A00595_0154_BHHCM7DSX3","LIB-MJ176-F3","LIB00047","3","F",0.01,"ILLUMINA-DNA-PREP","blank"
"LIB-MJ190-C10_02","10_02",4142,625442,564990,526422,0.903345,0.84168,151,151,0.723316,216,28621,28084,26732,0.981238,0.934,133,131,0.457706,218,95,114,90,0,3834,0,0.00289715,0,"220429_A00595_0154_BHHCM7DSX3","LIB-MJ190-C10","LIB00049","10","C",0.02,"ILLUMINA-DNA-PREP","blank"
"LIB-MJ190-C3_02","3_02",448622,67741922,64796252,60854177,0.956516,0.898324,151,151,0.616403,333674,49127162,48275274,46131322,0.98266,0.939019,146,147,0.620641,341770,13540,17294,10850,6,95996,0,0.0189157,151,"220429_A00595_0154_BHHCM7DSX3","LIB-MJ190-C3","LIB00049","3","C",0.01,"ILLUMINA-DNA-PREP","blank"
"LIB-MJ190-F10_02","10_02",162726,24571626,23256761,21775967,0.946488,0.886224,151,151,0.601818,105506,15272716,15007188,14331652,0.982614,0.938383,144,144,0.603843,108290,6027,7703,3996,0,50440,0,0.0175387,0,"220429_A00595_0154_BHHCM7DSX3","LIB-MJ190-F10","LIB00049","10","F",0.01,"ILLUMINA-DNA-PREP","blank"
"LIB-MJ190-F3_02","3_02",2736,413136,380159,356247,0.920179,0.8623,151,151,0.738043,178,24901,24447,23322,0.981768,0.936589,140,139,0.53291,192,34,40,40,0,2504,0,0.0497076,0,"220429_A00595_0154_BHHCM7DSX3","LIB-MJ190-F3","LIB00049","3","F",0.01,"ILLUMINA-DNA-PREP","blank"
"LIB-MJ192-C10_04","10_04",3986,601886,551179,513558,0.915753,0.853248,151,151,0.68357,892,131084,128732,122932,0.982057,0.937811,146,147,0.596045,910,72,95,104,0,2972,0,0.00752634,0,"220429_A00595_0154_BHHCM7DSX3","LIB-MJ192-C10","LIB00051","10","C",0.04,"ILLUMINA-DNA-PREP","blank"
"LIB-MJ192-C3_04","3_04",1656,250056,231512,216085,0.925841,0.864146,151,151,0.664951,266,36910,36416,35024,0.986616,0.948903,138,138,0.572338,266,58,70,38,0,1352,0,0.0289855,0,"220429_A00595_0154_BHHCM7DSX3","LIB-MJ192-C3","LIB00051","3","C",0.01,"ILLUMINA-DNA-PREP","blank"
"LIB-MJ192-F10_04","10_04",2608,393808,354034,329219,0.899002,0.835989,151,151,0.671251,198,27129,26674,25479,0.983228,0.939179,136,137,0.588411,204,45,54,44,0,2360,0,0.00230061,0,"220429_A00595_0154_BHHCM7DSX3","LIB-MJ192-F10","LIB00051","10","F",0.02,"ILLUMINA-DNA-PREP","blank"
"LIB-MJ192-F3_04","3_04",1376,207776,192539,180074,0.926666,0.866674,151,151,0.681383,110,14522,14354,13870,0.988431,0.955103,131,132,0.58704,114,28,33,30,0,1232,0,0.0377907,0,"220429_A00595_0154_BHHCM7DSX3","LIB-MJ192-F3","LIB00051","3","F",0.01,"ILLUMINA-DNA-PREP","blank"
"LIB-MJ194-C10_04","10_04",2790,421290,387122,365391,0.918897,0.867315,151,151,0.771649,118,16251,16038,15496,0.986893,0.953541,137,137,0.61867,122,33,40,24,0,2644,0,0.0215054,0,"220429_A00595_0154_BHHCM7DSX3","LIB-MJ194-C10","LIB00053","10","C",0.01,"ILLUMINA-DNA-PREP","blank"
"LIB-MJ194-C3_04","3_04",1782,269082,250020,234284,0.929159,0.870679,151,151,0.726686,102,13432,13205,12612,0.9831,0.938952,132,131,0.597975,104,22,25,38,0,1640,0,0.0897868,0,"220429_A00595_0154_BHHCM7DSX3","LIB-MJ194-C3","LIB00053","3","C",0.01,"ILLUMINA-DNA-PREP","blank"
"LIB-MJ194-F10_04","10_04",2118,319818,295493,278713,0.923941,0.871474,151,151,0.775444,108,14961,14607,13924,0.976338,0.930686,140,136,0.588129,114,12,17,38,0,1966,0,0.0651558,0,"220429_A00595_0154_BHHCM7DSX3","LIB-MJ194-F10","LIB00053","10","F",0.01,"ILLUMINA-DNA-PREP","blank"
"LIB-MJ194-F3_04","3_04",964,145564,136529,128513,0.937931,0.882863,151,151,0.754548,152,22119,21702,20750,0.981147,0.938108,145,145,0.583706,158,8,8,20,0,786,0,0.128631,0,"220429_A00595_0154_BHHCM7DSX3","LIB-MJ194-F3","LIB00053","3","F",0.01,"ILLUMINA-DNA-PREP","blank"
"LIB-MJ197-C10_03","10_03",1776,268176,245720,231746,0.916264,0.864156,151,151,0.810859,24,3172,3141,3048,0.990227,0.960908,132,132,0.629256,24,13,16,10,0,1742,0,0.018018,0,"220429_A00595_0154_BHHCM7DSX3","LIB-MJ197-C10","LIB00056","10","C",0.01,"ILLUMINA-DNA-PREP","blank"
"LIB-MJ197-C3_03","3_03",1518,229218,212753,200150,0.928169,0.873186,151,151,0.789733,86,12001,11847,11416,0.987168,0.951254,139,139,0.622698,88,13,19,34,0,1396,0,0.106719,0,"220429_A00595_0154_BHHCM7DSX3","LIB-MJ197-C3","LIB00056","3","C",0,"ILLUMINA-DNA-PREP","blank"
"LIB-MJ197-F10_03","10_03",1296,195696,180226,169811,0.920949,0.867729,151,151,0.783869,42,6122,6026,5777,0.984319,0.943646,145,145,0.59621,42,6,8,28,0,1226,0,0.0385802,0,"220429_A00595_0154_BHHCM7DSX3","LIB-MJ197-F10","LIB00056","10","F",0.01,"ILLUMINA-DNA-PREP","blank"
"LIB-MJ197-F3_03","3_03",1684,254284,238059,224433,0.936193,0.882608,151,151,0.752017,232,33461,32756,31219,0.978931,0.932997,143,144,0.585129,236,24,28,24,0,1424,0,0.138955,0,"220429_A00595_0154_BHHCM7DSX3","LIB-MJ197-F3","LIB00056","3","F",0,"ILLUMINA-DNA-PREP","blank"
"LIB-MJ140-C10_02","10_02",944,142544,130776,123517,0.917443,0.866518,151,151,0.774414,208,30161,29648,28301,0.982991,0.938331,145,144,0.513544,212,15,16,30,0,702,0,0.0105932,0,"220506_A00595_0156_BHH5G2DSX3","LIB-MJ140-C10","LIB00029","10","C",0.01,"ILLUMINA-DNA-PREP","blank"
"LIB-MJ140-C3_02","3_02",678,102378,95396,90610,0.931802,0.885053,151,151,0.792016,132,19050,18808,18075,0.987297,0.948819,144,144,0.571601,136,8,11,20,0,522,0,0.0412979,0,"220506_A00595_0156_BHH5G2DSX3","LIB-MJ140-C3","LIB00029","3","C",0.02,"ILLUMINA-DNA-PREP","blank"
"LIB-MJ140-F10_02","10_02",67838,10243538,9865436,9376764,0.963089,0.915383,151,151,0.617397,51298,7455051,7363020,7113638,0.987655,0.954204,145,145,0.623845,53786,2679,3453,1462,0,12590,0,0.0375896,151,"220506_A00595_0156_BHH5G2DSX3","LIB-MJ140-F10","LIB00029","10","F",0.01,"ILLUMINA-DNA-PREP","blank"
"LIB-MJ140-F3_02","3_02",1050,158550,147573,139614,0.930766,0.880568,151,151,0.71117,420,61858,60923,58630,0.984885,0.947816,147,147,0.576029,442,21,31,40,0,568,0,0.0209524,0,"220506_A00595_0156_BHH5G2DSX3","LIB-MJ140-F3","LIB00029","3","F",0.01,"ILLUMINA-DNA-PREP","blank"
"LIB-MJ169-C10_01","10_01",1502,226802,212725,202247,0.937933,0.891734,151,151,0.785363,132,18655,18357,17627,0.984026,0.944894,141,141,0.497615,142,9,9,26,0,1334,0,0.113182,0,"220506_A00595_0156_BHH5G2DSX3","LIB-MJ169-C10","LIB00040","10","C",0.02,"ILLUMINA-DNA-PREP","blank"
"LIB-MJ169-C3_01","3_01",1018,153718,142335,134429,0.925949,0.874517,151,151,0.792523,36,4880,4827,4666,0.989139,0.956148,133,137,0.582582,36,11,16,20,0,962,0,0.0491159,0,"220506_A00595_0156_BHH5G2DSX3","LIB-MJ169-C3","LIB00040","3","C",0.02,"ILLUMINA-DNA-PREP","blank"
"LIB-MJ169-F10_01","10_01",1536,231936,214011,202383,0.922716,0.872581,151,151,0.798315,60,8114,8046,7807,0.991619,0.962164,135,134,0.59194,64,9,11,34,0,1438,0,0.0351562,0,"220506_A00595_0156_BHH5G2DSX3","LIB-MJ169-F10","LIB00040","10","F",0.01,"ILLUMINA-DNA-PREP","blank"
"LIB-MJ169-F3_01","3_01",6718742,1014530042,979652615,930369318,0.965622,0.917045,151,151,0.624391,5220092,774297640,763462024,735238324,0.986006,0.949555,148,148,0.627637,5517430,96874,122662,131932,24,1069356,0,0.0453037,151,"220506_A00595_0156_BHH5G2DSX3","LIB-MJ169-F3","LIB00040","3","F",0.05,"ILLUMINA-DNA-PREP","blank"
"LIB-MJ193-C10_01","10_01",1172,176972,160813,151086,0.908692,0.853728,151,151,0.730291,80,10790,10649,10260,0.986932,0.95088,134,135,0.589898,84,6,7,32,0,1056,0,0.00341297,0,"220506_A00595_0156_BHH5G2DSX3","LIB-MJ193-C10","LIB00052","10","C",0.02,"ILLUMINA-DNA-PREP","blank"
"LIB-MJ193-C3_01","3_01",938,141638,130353,121448,0.920325,0.857454,151,151,0.705333,50,6749,6633,6270,0.982812,0.929027,135,134,0.576234,58,10,10,14,0,866,0,0.0191898,0,"220506_A00595_0156_BHH5G2DSX3","LIB-MJ193-C3","LIB00052","3","C",0.01,"ILLUMINA-DNA-PREP","blank"
"LIB-MJ193-F10_01","10_01",14357104,2167922704,2072560579,1975034268,0.956012,0.911026,151,151,0.609159,8741086,1201814818,1189935633,1155727132,0.990116,0.961652,137,137,0.628334,9117180,503970,635863,178012,6,5061906,0,0.0267271,151,"220506_A00595_0156_BHH5G2DSX3","LIB-MJ193-F10","LIB00052","10","F",0.09,"ILLUMINA-DNA-PREP","blank"
"LIB-MJ193-F3_01","3_01",1138,171838,159344,149863,0.927292,0.872118,151,151,0.738219,118,16723,16451,15720,0.983735,0.940023,140,142,0.542068,124,12,13,20,0,994,0,0.0351494,0,"220506_A00595_0156_BHH5G2DSX3","LIB-MJ193-F3","LIB00052","3","F",0.02,"ILLUMINA-DNA-PREP","blank"
"LIB-MJ196-C10_02","10_02",1422,214722,196376,184190,0.914559,0.857807,151,151,0.720695,128,18001,17677,16783,0.982001,0.932337,140,141,0.451753,138,16,21,14,0,1270,0,0.00984529,0,"220506_A00595_0156_BHH5G2DSX3","LIB-MJ196-C10","LIB00055","10","C",0,"ILLUMINA-DNA-PREP","blank"
"LIB-MJ196-C3_02","3_02",1244,187844,175064,163357,0.931965,0.869642,151,151,0.655145,330,47783,46927,44616,0.982086,0.933721,145,144,0.460729,348,20,28,34,0,862,0,0.0418006,0,"220506_A00595_0156_BHH5G2DSX3","LIB-MJ196-C3","LIB00055","3","C",0.01,"ILLUMINA-DNA-PREP","blank"
"LIB-MJ196-F10_02","10_02",2208,333408,306548,287048,0.919438,0.860951,151,151,0.699563,294,41757,41024,39221,0.982446,0.939268,141,142,0.51086,304,18,20,60,0,1844,0,0.013587,0,"220506_A00595_0156_BHH5G2DSX3","LIB-MJ196-F10","LIB00055","10","F",0.01,"ILLUMINA-DNA-PREP","blank"
"LIB-MJ196-F3_02","3_02",2164,326764,306975,288049,0.939439,0.88152,151,151,0.624135,796,115675,113712,108614,0.98303,0.938958,145,145,0.51164,828,52,66,40,0,1296,0,0.0499076,0,"220506_A00595_0156_BHH5G2DSX3","LIB-MJ196-F3","LIB00055","3","F",0.01,"ILLUMINA-DNA-PREP","blank"
"LIB-MJ198-C10_03","10_03",838,126538,115796,109044,0.915109,0.861749,151,151,0.769816,42,5888,5853,5704,0.994056,0.96875,141,139,0.622962,44,4,4,6,0,788,0,0.00238663,0,"220506_A00595_0156_BHH5G2DSX3","LIB-MJ198-C10","LIB00057","10","C",0.01,"ILLUMINA-DNA-PREP","blank"
"LIB-MJ198-C3_03","3_03",968,146168,135389,127081,0.926256,0.869417,151,151,0.760953,26,3434,3392,3273,0.987769,0.953116,132,132,0.609493,28,5,5,10,0,930,0,0.0640496,0,"220506_A00595_0156_BHH5G2DSX3","LIB-MJ198-C3","LIB00057","3","C",0.02,"ILLUMINA-DNA-PREP","blank"
"LIB-MJ198-F10_03","10_03",1012,152812,137145,128272,0.897475,0.839411,151,151,0.757107,18,2345,2312,2215,0.985928,0.944563,128,132,0.611087,18,10,10,26,0,968,0,0.00197628,0,"220506_A00595_0156_BHH5G2DSX3","LIB-MJ198-F10","LIB00057","10","F",0.02,"ILLUMINA-DNA-PREP","blank"
"LIB-MJ198-F3_03","3_03",4729338,714130038,687842497,651862902,0.963189,0.912807,151,151,0.618347,3636594,538470290,530891935,511139034,0.985926,0.949243,148,148,0.622598,3792420,78338,98816,117002,26,819890,0,0.0338986,151,"220506_A00595_0156_BHH5G2DSX3","LIB-MJ198-F3","LIB00057","3","F",0.05,"ILLUMINA-DNA-PREP","blank"
"LIB-MJ199-C10_04","10_04",960,144960,131716,123999,0.908637,0.855401,151,151,0.792853,44,6220,6139,5946,0.986977,0.955949,141,141,0.600804,48,6,7,24,0,888,0,0.00625,0,"220506_A00595_0156_BHH5G2DSX3","LIB-MJ199-C10","LIB00058","10","C",0.02,"ILLUMINA-DNA-PREP","blank"
"LIB-MJ199-C3_04","3_04",3640,549640,522481,494019,0.950588,0.898805,151,151,0.669573,1826,269002,265163,255323,0.985729,0.949149,147,147,0.632427,1894,82,100,60,0,1686,0,0.0395604,0,"220506_A00595_0156_BHH5G2DSX3","LIB-MJ199-C3","LIB00058","3","C",0.01,"ILLUMINA-DNA-PREP","blank"
"LIB-MJ199-F10_04","10_04",4794364,723948964,696598163,660717462,0.96222,0.912658,151,151,0.626085,3679180,543493656,535719174,515653027,0.985695,0.948775,147,147,0.631392,3842744,111572,141417,93808,18,857794,0,0.034624,151,"220506_A00595_0156_BHH5G2DSX3","LIB-MJ199-F10","LIB00058","10","F",0.05,"ILLUMINA-DNA-PREP","blank"
"LIB-MJ199-F3_04","3_04",868,131068,121574,115182,0.927564,0.878796,151,151,0.818865,26,3838,3770,3600,0.982282,0.937989,147,147,0.508598,26,6,7,14,0,828,0,0.0599078,0,"220506_A00595_0156_BHH5G2DSX3","LIB-MJ199-F3","LIB00058","3","F",0.02,"ILLUMINA-DNA-PREP","blank"
"LIB-MJ200-C10_04","10_04",2326,351226,323419,307026,0.920829,0.874155,151,151,0.834571,74,10227,10017,9569,0.979466,0.935661,137,139,0.650142,80,12,16,16,0,2230,0,0.0197764,0,"220506_A00595_0156_BHH5G2DSX3","LIB-MJ200-C10","LIB00059","10","C",0.01,"ILLUMINA-DNA-PREP","blank"
"LIB-MJ200-C3_04","3_04",1314,198414,185491,175869,0.934869,0.886374,151,151,0.822235,54,7684,7552,7202,0.982821,0.937272,142,142,0.600469,58,4,5,32,0,1224,0,0.123288,0,"220506_A00595_0156_BHH5G2DSX3","LIB-MJ200-C3","LIB00059","3","C",0.01,"ILLUMINA-DNA-PREP","blank"
"LIB-MJ200-F10_04","10_04",2866,432766,398238,375897,0.920216,0.868592,151,151,0.761513,84,11462,11353,11046,0.99049,0.963706,137,135,0.60356,86,16,17,52,0,2728,0,0.0369853,0,"220506_A00595_0156_BHH5G2DSX3","LIB-MJ200-F10","LIB00059","10","F",0.01,"ILLUMINA-DNA-PREP","blank"
"LIB-MJ200-F3_04","3_04",1222,184522,173514,164544,0.940343,0.891731,151,151,0.783115,176,25916,25481,24492,0.983215,0.945053,146,147,0.608234,184,9,11,32,0,1006,0,0.155483,0,"220506_A00595_0156_BHH5G2DSX3","LIB-MJ200-F3","LIB00059","3","F",0.01,"ILLUMINA-DNA-PREP","blank"
"LIB-MJ201-C10_03","10_03",23070,3483570,3347565,3172830,0.960958,0.910798,151,151,0.630838,16738,2478374,2441894,2347612,0.985281,0.947239,147,148,0.61853,17272,393,495,448,0,5350,0,0.025401,0,"220506_A00595_0156_BHH5G2DSX3","LIB-MJ201-C10","LIB00060","10","C",0.01,"ILLUMINA-DNA-PREP","blank"
"LIB-MJ201-C3_03","3_03",1928,291128,273672,260077,0.94004,0.893342,151,151,0.799885,240,34831,34283,32988,0.984267,0.947087,145,145,0.617438,248,12,18,30,0,1650,0,0.136929,0,"220506_A00595_0156_BHH5G2DSX3","LIB-MJ201-C3","LIB00060","3","C",0.02,"ILLUMINA-DNA-PREP","blank"
"LIB-MJ201-F10_03","10_03",1386,209286,194180,184724,0.927821,0.882639,151,151,0.822038,36,4941,4909,4784,0.993524,0.968225,136,138,0.58814,36,3,3,20,0,1330,0,0.0562771,0,"220506_A00595_0156_BHH5G2DSX3","LIB-MJ201-F10","LIB00060","10","F",0.01,"ILLUMINA-DNA-PREP","blank"
"LIB-MJ201-F3_03","3_03",2152,324952,308088,292854,0.948103,0.901222,151,151,0.763337,498,71968,71140,68745,0.988495,0.955216,144,144,0.630113,524,26,33,38,0,1590,0,0.172862,0,"220506_A00595_0156_BHH5G2DSX3","LIB-MJ201-F3","LIB00060","3","F",0.01,"ILLUMINA-DNA-PREP","blank"
"LIB-MJ213-C10_01","10_01",1764,266364,246170,231200,0.924186,0.867985,151,151,0.699802,394,56214,55631,53846,0.989629,0.957875,142,142,0.638168,398,39,41,30,0,1336,0,0.00566893,0,"220601_A00595_0164_BHKNK7DSX3","LIB-MJ213-C10","LIB00064","10","C",0.02,"ILLUMINA-DNA-PREP","blank"
"LIB-MJ213-C3_01","3_01",776,117176,109794,103241,0.937001,0.881076,151,151,0.715974,74,10475,10248,9753,0.978329,0.931074,141,141,0.629308,74,5,6,10,0,692,0,0.0515464,0,"220601_A00595_0164_BHKNK7DSX3","LIB-MJ213-C3","LIB00064","3","C",0.01,"ILLUMINA-DNA-PREP","blank"
"LIB-MJ213-F10_01","10_01",1274,192374,174942,163617,0.909385,0.850515,151,151,0.692412,122,17256,17070,16505,0.989221,0.956479,141,141,0.625753,122,21,24,18,0,1134,0,0.00156986,0,"220601_A00595_0164_BHKNK7DSX3","LIB-MJ213-F10","LIB00064","10","F",0.01,"ILLUMINA-DNA-PREP","blank"
"LIB-MJ213-F3_01","3_01",1156,174556,162171,151553,0.929049,0.86822,151,151,0.690386,122,17327,17124,16552,0.988284,0.955272,141,142,0.610896,124,24,30,12,0,1020,0,0.0397924,0,"220601_A00595_0164_BHKNK7DSX3","LIB-MJ213-F3","LIB00064","3","F",0.01,"ILLUMINA-DNA-PREP","blank"
"LIB-MJ214-C10_02","10_02",2566,387466,359328,341971,0.927379,0.882583,151,151,0.809872,226,32462,32104,31119,0.988972,0.958629,143,143,0.641489,232,14,16,38,0,2296,0,0.0436477,0,"220601_A00595_0164_BHKNK7DSX3","LIB-MJ214-C10","LIB00065","10","C",0.01,"ILLUMINA-DNA-PREP","blank"
"LIB-MJ214-C3_02","3_02",1226,185126,174297,165376,0.941505,0.893316,151,151,0.79273,110,15934,15823,15412,0.993034,0.96724,144,144,0.652128,112,7,8,16,0,1098,0,0.137031,0,"220601_A00595_0164_BHKNK7DSX3","LIB-MJ214-C3","LIB00065","3","C",0.01,"ILLUMINA-DNA-PREP","blank"
"LIB-MJ214-F10_02","10_02",11642,1757942,1677121,1591904,0.954025,0.90555,151,151,0.6422,7296,1072664,1059532,1023356,0.987758,0.954032,146,147,0.618536,7618,184,227,266,0,3758,0,0.028861,0,"220601_A00595_0164_BHKNK7DSX3","LIB-MJ214-F10","LIB00065","10","F",0.01,"ILLUMINA-DNA-PREP","blank"
"LIB-MJ214-F3_02","3_02",12828,1937028,1864754,1770793,0.962688,0.91418,151,151,0.640791,9154,1355198,1337888,1290760,0.987227,0.952451,147,148,0.632363,9498,223,289,312,0,3018,0,0.0374181,0,"220601_A00595_0164_BHKNK7DSX3","LIB-MJ214-F3","LIB00065","3","F",0.01,"ILLUMINA-DNA-PREP","blank"
"LIB-MJ215-C10_01","10_01",1820,274820,254320,239771,0.925406,0.872466,151,151,0.735365,128,17981,17787,17304,0.989211,0.962349,140,140,0.594795,130,18,24,22,0,1668,0,0.0296703,0,"220601_A00595_0164_BHKNK7DSX3","LIB-MJ215-C10","LIB00066","10","C",0.01,"ILLUMINA-DNA-PREP","blank"
"LIB-MJ215-C3_01","3_01",2094,316194,296431,279075,0.937497,0.882607,151,151,0.729131,182,25296,25034,24148,0.989643,0.954617,138,139,0.648917,194,22,22,20,0,1880,0,0.102197,0,"220601_A00595_0164_BHKNK7DSX3","LIB-MJ215-C3","LIB00066","3","C",0.02,"ILLUMINA-DNA-PREP","blank"
"LIB-MJ215-F10_01","10_01",193636,29239036,28160285,26730306,0.963106,0.914199,151,151,0.596358,136492,19919526,19665947,18974518,0.98727,0.952559,145,146,0.601695,142620,4763,5871,3944,0,47072,0,0.0335475,151,"220601_A00595_0164_BHKNK7DSX3","LIB-MJ215-F10","LIB00066","10","F",0.01,"ILLUMINA-DNA-PREP","blank"
"LIB-MJ215-F3_01","3_01",2368,357568,336165,315972,0.940143,0.88367,151,151,0.676154,324,45724,45044,43251,0.985128,0.945915,141,140,0.540963,342,35,53,38,0,1988,0,0.0751689,0,"220601_A00595_0164_BHKNK7DSX3","LIB-MJ215-F3","LIB00066","3","F",0.01,"ILLUMINA-DNA-PREP","blank"
"LIB-MJ216-C10_02","10_02",2082,314382,291026,274279,0.925708,0.872439,151,151,0.762658,190,27545,27197,26182,0.987366,0.950517,145,144,0.616664,204,15,21,32,0,1846,0,0.049952,0,"220601_A00595_0164_BHKNK7DSX3","LIB-MJ216-C10","LIB00067","10","C",0.01,"ILLUMINA-DNA-PREP","blank"
"LIB-MJ216-C3_02","3_02",2012,303812,284960,268870,0.937948,0.884988,151,151,0.736195,174,23853,23617,22925,0.990106,0.961095,137,137,0.640506,184,21,24,30,0,1798,0,0.12326,0,"220601_A00595_0164_BHKNK7DSX3","LIB-MJ216-C3","LIB00067","3","C",0.01,"ILLUMINA-DNA-PREP","blank"
"LIB-MJ216-F10_02","10_02",17140,2588140,2485468,2359470,0.96033,0.911647,151,151,0.615151,11272,1661550,1640893,1583710,0.987568,0.953152,147,147,0.60704,11748,305,388,354,0,5038,0,0.036056,0,"220601_A00595_0164_BHKNK7DSX3","LIB-MJ216-F10","LIB00067","10","F",0.01,"ILLUMINA-DNA-PREP","blank"
"LIB-MJ216-F3_02","3_02",19952,3012752,2906668,2761857,0.964788,0.916722,151,151,0.627812,14090,2082257,2055639,1982810,0.987217,0.952241,147,147,0.619823,14712,356,453,362,0,4878,0,0.050822,0,"220601_A00595_0164_BHKNK7DSX3","LIB-MJ216-F3","LIB00067","3","F",0.01,"ILLUMINA-DNA-PREP","blank"
"LIB-MJ217-C10_03","10_03",1652,249452,231383,218074,0.927565,0.874212,151,151,0.742908,34,4014,3953,3779,0.984803,0.941455,117,118,0.622073,36,14,16,22,0,1594,0,0.0375303,0,"220601_A00595_0164_BHKNK7DSX3","LIB-MJ217-C10","LIB00068","10","C",0.01,"ILLUMINA-DNA-PREP","blank"
"LIB-MJ217-C3_03","3_03",2032,306832,290058,273305,0.945332,0.890732,151,151,0.6891,416,58440,57791,55892,0.988895,0.9564,140,140,0.632752,436,36,40,32,0,1564,0,0.0836614,0,"220601_A00595_0164_BHKNK7DSX3","LIB-MJ217-C3","LIB00068","3","C",0.01,"ILLUMINA-DNA-PREP","blank"
"LIB-MJ217-F10_03","10_03",2490,375990,354564,334679,0.943014,0.890127,151,151,0.640283,806,116253,114826,111020,0.987725,0.954986,143,144,0.598307,838,42,52,58,0,1594,0,0.0353414,0,"220601_A00595_0164_BHKNK7DSX3","LIB-MJ217-F10","LIB00068","10","F",0.01,"ILLUMINA-DNA-PREP","blank"
"LIB-MJ217-F3_03","3_03",1880,283880,269889,255809,0.950715,0.901117,151,151,0.703762,566,81400,80359,77625,0.987211,0.953624,143,143,0.637862,588,24,29,42,0,1250,0,0.145745,0,"220601_A00595_0164_BHKNK7DSX3","LIB-MJ217-F3","LIB00068","3","F",0.01,"ILLUMINA-DNA-PREP","blank"
"LIB-MJ218-C10_04","10_04",1502,226802,209354,197615,0.923069,0.871311,151,151,0.757665,74,10326,10201,9843,0.987895,0.953225,138,140,0.572439,76,11,13,20,0,1406,0,0.0213049,0,"220601_A00595_0164_BHKNK7DSX3","LIB-MJ218-C10","LIB00069","10","C",0,"ILLUMINA-DNA-PREP","blank"
"LIB-MJ218-C3_04","3_04",1726,260626,243698,229557,0.935049,0.880791,151,151,0.752035,88,11636,11459,11001,0.984789,0.945428,131,132,0.597714,98,12,15,16,0,1612,0,0.100811,0,"220601_A00595_0164_BHKNK7DSX3","LIB-MJ218-C3","LIB00069","3","C",0.01,"ILLUMINA-DNA-PREP","blank"
"LIB-MJ218-F10_04","10_04",1156,174556,162003,152652,0.928086,0.874516,151,151,0.700142,110,15829,15617,14938,0.986607,0.943711,143,144,0.499716,114,10,10,16,0,1026,0,0.0207612,0,"220601_A00595_0164_BHKNK7DSX3","LIB-MJ218-F10","LIB00069","10","F",0,"ILLUMINA-DNA-PREP","blank"
"LIB-MJ218-F3_04","3_04",1116,168516,157992,148758,0.937549,0.882753,151,151,0.723991,78,10622,10435,9975,0.982395,0.939089,136,136,0.529467,80,18,25,12,0,1024,0,0.11828,0,"220601_A00595_0164_BHKNK7DSX3","LIB-MJ218-F3","LIB00069","3","F",0.01,"ILLUMINA-DNA-PREP","blank"
"LIB-MJ229-C10_03","10_03",1594,240694,222063,210007,0.922595,0.872506,151,151,0.785325,56,7494,7385,7110,0.985455,0.948759,133,133,0.636109,62,17,19,24,0,1508,0,0.0514429,0,"220601_A00595_0164_BHKNK7DSX3","LIB-MJ229-C10","LIB00073","10","C",0.02,"ILLUMINA-DNA-PREP","blank"
"LIB-MJ229-C3_03","3_03",1996,301396,282588,266640,0.937597,0.884683,151,151,0.757203,92,12193,12053,11650,0.988518,0.955466,132,132,0.60707,94,25,29,20,0,1882,0,0.162325,0,"220601_A00595_0164_BHKNK7DSX3","LIB-MJ229-C3","LIB00073","3","C",0.01,"ILLUMINA-DNA-PREP","blank"
"LIB-MJ229-F10_03","10_03",1098,165798,151252,142946,0.912267,0.86217,151,151,0.77095,14,2048,2038,2011,0.995117,0.981934,146,146,0.625488,14,5,5,8,0,1076,0,0.00182149,0,"220601_A00595_0164_BHKNK7DSX3","LIB-MJ229-F10","LIB00073","10","F",0.01,"ILLUMINA-DNA-PREP","blank"
"LIB-MJ229-F3_03","3_03",2722,411022,384849,363005,0.936322,0.883177,151,151,0.741401,90,11036,10885,10493,0.986318,0.950797,122,122,0.571765,90,27,32,34,0,2598,0,0.146951,0,"220601_A00595_0164_BHKNK7DSX3","LIB-MJ229-F3","LIB00073","3","F",0.02,"ILLUMINA-DNA-PREP","blank"
"LIB-MJ250-C10_04","10_04",1546,233446,214752,201953,0.919922,0.865095,151,151,0.71405,196,27383,27020,26023,0.986744,0.950334,139,139,0.581383,200,24,28,32,0,1314,0,0.00646831,0,"220601_A00595_0164_BHKNK7DSX3","LIB-MJ250-C10","LIB00076","10","C",0.02,"ILLUMINA-DNA-PREP","blank"
"LIB-MJ250-C3_04","3_04",1168,176368,163720,153409,0.928286,0.869823,151,151,0.716559,52,6784,6712,6505,0.989387,0.958874,130,130,0.602742,52,16,20,20,0,1096,0,0.0513699,0,"220601_A00595_0164_BHKNK7DSX3","LIB-MJ250-C3","LIB00076","3","C",0.01,"ILLUMINA-DNA-PREP","blank"
"LIB-MJ250-F10_04","10_04",3882,586182,548808,517321,0.936242,0.882526,151,151,0.669275,1706,251205,248046,239109,0.987425,0.951848,147,147,0.625525,1760,83,96,82,0,2040,0,0.0139104,0,"220601_A00595_0164_BHKNK7DSX3","LIB-MJ250-F10","LIB00076","10","F",0.01,"ILLUMINA-DNA-PREP","blank"
"LIB-MJ250-F3_04","3_04",1840,277840,262599,247676,0.945145,0.891434,151,151,0.697873,720,106015,104402,100160,0.984785,0.944772,147,147,0.652191,730,19,22,28,0,1082,0,0.0326087,0,"220601_A00595_0164_BHKNK7DSX3","LIB-MJ250-F3","LIB00076","3","F",0.01,"ILLUMINA-DNA-PREP","blank"
"LIB-MJ281-C10_01","10_01",2194,331294,300085,283205,0.905797,0.854845,151,151,0.76781,98,14072,13832,13259,0.982945,0.942226,143,144,0.551947,104,17,21,30,0,2060,0,0.00729262,0,"220607_A00595_0166_BHKNKHDSX3","LIB-MJ281-C10","LIB00092","10","C",0.01,"ILLUMINA-DNA-PREP","blank"
"LIB-MJ281-C3_01","3_01",2132,321932,299864,282094,0.931451,0.876253,151,151,0.753693,80,10942,10831,10477,0.989856,0.957503,136,137,0.494151,80,20,24,46,0,2006,0,0.102251,0,"220607_A00595_0166_BHKNKHDSX3","LIB-MJ281-C3","LIB00092","3","C",0.02,"ILLUMINA-DNA-PREP","blank"
"LIB-MJ281-F10_01","10_01",2566,387466,358391,337390,0.924961,0.87076,151,151,0.766176,52,6905,6788,6497,0.983056,0.940912,131,133,0.543809,56,24,26,54,0,2456,0,0.086516,0,"220607_A00595_0166_BHKNKHDSX3","LIB-MJ281-F10","LIB00092","10","F",0.01,"ILLUMINA-DNA-PREP","blank"
"LIB-MJ281-F3_01","3_01",3964,598564,543981,513204,0.90881,0.857392,151,151,0.732401,506,73012,72207,69995,0.988974,0.958678,144,144,0.6348,538,57,70,90,0,3336,0,0.0100908,0,"220607_A00595_0166_BHKNKHDSX3","LIB-MJ281-F3","LIB00092","3","F",0.01,"ILLUMINA-DNA-PREP","blank"
"LIB-MJ301-C10_01","10_01",4518,682218,639442,602027,0.937299,0.882455,151,151,0.715969,336,45581,45044,43652,0.988219,0.95768,135,135,0.557535,358,59,70,72,0,4088,0,0.137229,0,"220607_A00595_0166_BHKNKHDSX3","LIB-MJ301-C10","LIB00096","10","C",0.01171,"ILLUMINA-DNA-PREP","blank"
"LIB-MJ301-C3_01","3_01",1642,247942,230451,216874,0.929455,0.874697,151,151,0.756354,56,7115,7022,6779,0.986929,0.952776,126,127,0.518763,56,18,26,28,0,1558,0,0.129111,0,"220607_A00595_0166_BHKNKHDSX3","LIB-MJ301-C3","LIB00096","3","C",0.01587,"ILLUMINA-DNA-PREP","blank"
"LIB-MJ301-F10_01","10_01",1392,210192,194586,182622,0.925754,0.868834,151,151,0.785325,14,2022,1980,1881,0.979228,0.930267,144,144,0.511375,18,9,9,34,0,1340,0,0.0876437,0,"220607_A00595_0166_BHKNKHDSX3","LIB-MJ301-F10","LIB00096","10","F",0.01025,"ILLUMINA-DNA-PREP","blank"
"LIB-MJ301-F3_01","3_01",2534,382634,355853,333399,0.930009,0.871326,151,151,0.76028,70,8895,8763,8455,0.98516,0.950534,127,126,0.568184,72,18,22,34,0,2428,0,0.111287,0,"220607_A00595_0166_BHKNKHDSX3","LIB-MJ301-F3","LIB00096","3","F",0.01171,"ILLUMINA-DNA-PREP","blank"
"LIB-MJ139-C10_01","10_01",204,30804,28328,26348,0.919621,0.855343,151,151,0.76081,48,6905,6781,6484,0.982042,0.93903,145,142,0.57538,50,3,3,2,0,152,0,0.00980392,0,"220613_A00595_0168_BHKNMYDSX3","LIB-MJ139-C10","LIB00028","10","C",0,"ILLUMINA-DNA-PREP","blank"
"LIB-MJ139-C3_01","3_01",192,28992,27516,26199,0.949089,0.903663,151,151,0.755898,48,6817,6729,6518,0.987091,0.956139,143,141,0.609359,54,2,2,4,0,134,0,0.0520833,0,"220613_A00595_0168_BHKNMYDSX3","LIB-MJ139-C3","LIB00028","3","C",0,"ILLUMINA-DNA-PREP","blank"
"LIB-MJ139-F10_01","10_01",224,33824,31791,30257,0.939895,0.894542,151,151,0.789292,42,5879,5814,5621,0.988944,0.956115,139,140,0.527811,44,2,2,4,0,176,0,0.0267857,0,"220613_A00595_0168_BHKNMYDSX3","LIB-MJ139-F10","LIB00028","10","F",0.01,"ILLUMINA-DNA-PREP","blank"
"LIB-MJ139-F3_01","3_01",21177548,3197809748,3099674804,2951409643,0.969312,0.922947,151,151,0.614698,16661994,2450765616,2420929472,2337226217,0.987826,0.953672,146,147,0.619846,17611744,595312,722564,419180,28,3146596,0,0.0464693,151,"220613_A00595_0168_BHKNMYDSX3","LIB-MJ139-F3","LIB00028","3","F",0.18,"ILLUMINA-DNA-PREP","blank"
"LIB-MJ253-C10_01","10_01",11380,1718380,1623459,1527444,0.944761,0.888886,151,151,0.636388,5890,832839,822594,793385,0.987699,0.952627,141,141,0.635715,6124,320,387,294,0,4962,0,0.0216169,0,"220613_A00595_0168_BHKNMYDSX3","LIB-MJ253-C10","LIB00079","10","C",0.03,"ILLUMINA-DNA-PREP","blank"
"LIB-MJ253-C3_01","3_01",832,125632,115481,107459,0.919201,0.855347,151,151,0.766182,28,3399,3339,3185,0.982348,0.93704,121,121,0.644013,28,8,8,14,0,790,0,0.0504808,0,"220613_A00595_0168_BHKNMYDSX3","LIB-MJ253-C3","LIB00079","3","C",0.01,"ILLUMINA-DNA-PREP","blank"
"LIB-MJ253-F10_01","10_01",26622,4019922,3804174,3587949,0.94633,0.892542,151,151,0.60598,14250,2002904,1978031,1908481,0.987582,0.952857,140,140,0.610198,14898,736,882,494,0,11230,0,0.025092,0,"220613_A00595_0168_BHKNMYDSX3","LIB-MJ253-F10","LIB00079","10","F",0.01,"ILLUMINA-DNA-PREP","blank"
"LIB-MJ253-F3_01","3_01",5900,890900,842529,792376,0.945705,0.889411,151,151,0.669321,2444,352542,348109,335919,0.987426,0.952848,144,144,0.639269,2588,114,129,126,0,3186,0,0.0477966,0,"220613_A00595_0168_BHKNMYDSX3","LIB-MJ253-F3","LIB00079","3","F",0.02,"ILLUMINA-DNA-PREP","blank"
"LIB-MJ254-C10_02","10_02",7572886,1143505786,1108323931,1058148193,0.969233,0.925354,151,151,0.623864,5685948,839680390,830451598,803903516,0.989009,0.957392,147,147,0.628824,6104994,103844,125070,151396,14,1316482,0,0.0569939,151,"220613_A00595_0168_BHKNMYDSX3","LIB-MJ254-C10","LIB00080","10","C",0.05,"ILLUMINA-DNA-PREP","blank"
"LIB-MJ254-C3_02","3_02",15588,2353788,2278158,2177314,0.967869,0.925026,151,151,0.654532,10444,1540747,1525166,1479833,0.989887,0.960465,147,147,0.646822,11124,187,222,296,0,4168,0,0.06505,0,"220613_A00595_0168_BHKNMYDSX3","LIB-MJ254-C3","LIB00080","3","C",0.01,"ILLUMINA-DNA-PREP","blank"
"LIB-MJ254-F10_02","10_02",1622,244922,224316,211622,0.915867,0.864038,151,151,0.760724,152,22181,21916,21187,0.988053,0.955187,145,145,0.572742,168,7,11,26,0,1428,0,0.00986436,0,"220613_A00595_0168_BHKNMYDSX3","LIB-MJ254-F10","LIB00080","10","F",0.01,"ILLUMINA-DNA-PREP","blank"
"LIB-MJ254-F3_02","3_02",1794,270894,255869,242254,0.944536,0.894276,151,151,0.741607,328,47136,46631,45152,0.989286,0.957909,143,143,0.611359,350,7,8,34,0,1410,0,0.143813,0,"220613_A00595_0168_BHKNMYDSX3","LIB-MJ254-F3","LIB00080","3","F",0.02,"ILLUMINA-DNA-PREP","blank"
"LIB-MJ255-C10_02","10_02",1990,300490,279987,264892,0.931768,0.881533,151,151,0.802356,224,33284,32909,31669,0.988733,0.951478,148,148,0.6011,232,8,12,26,0,1732,0,0.0884422,0,"220613_A00595_0168_BHKNMYDSX3","LIB-MJ255-C10","LIB00081","10","C",0.01,"ILLUMINA-DNA-PREP","blank"
"LIB-MJ255-C3_02","3_02",1562,235862,221722,210259,0.94005,0.891449,151,151,0.844155,24,2911,2876,2792,0.987977,0.959121,120,122,0.596702,24,3,3,34,0,1504,0,0.307298,0,"220613_A00595_0168_BHKNMYDSX3","LIB-MJ255-C3","LIB00081","3","C",0.02,"ILLUMINA-DNA-PREP","blank"
"LIB-MJ255-F10_02","10_02",1758,265458,247606,234263,0.93275,0.882486,151,151,0.800714,26,3527,3508,3458,0.994613,0.980437,135,136,0.557414,26,7,7,28,0,1704,0,0.14562,0,"220613_A00595_0168_BHKNMYDSX3","LIB-MJ255-F10","LIB00081","10","F",0.02,"ILLUMINA-DNA-PREP","blank"
"LIB-MJ255-F3_02","3_02",1896,286296,270560,256692,0.945036,0.896597,151,151,0.815317,58,7994,7869,7543,0.984363,0.943583,137,138,0.507631,60,4,5,30,0,1806,0,0.35865,0,"220613_A00595_0168_BHKNMYDSX3","LIB-MJ255-F3","LIB00081","3","F",0.01,"ILLUMINA-DNA-PREP","blank"
"LIB-MJ256-C10_03","10_03",1986,299886,277494,261631,0.925332,0.872435,151,151,0.822553,18,2292,2276,2212,0.993019,0.965096,127,127,0.57897,18,6,6,30,0,1938,0,0.118832,0,"220613_A00595_0168_BHKNMYDSX3","LIB-MJ256-C10","LIB00082","10","C",0.01,"ILLUMINA-DNA-PREP","blank"
"LIB-MJ256-C3_03","3_03",1596,240996,229546,217783,0.952489,0.903679,151,151,0.767021,418,62313,61529,59227,0.987418,0.950476,149,148,0.611381,466,6,6,28,0,1102,0,0.235589,0,"220613_A00595_0168_BHKNMYDSX3","LIB-MJ256-C3","LIB00082","3","C",0.01,"ILLUMINA-DNA-PREP","blank"
"LIB-MJ256-F10_03","10_03",1462,220762,205694,194370,0.931745,0.88045,151,151,0.82059,30,4097,4028,3882,0.983158,0.947523,133,139,0.569685,30,4,4,16,0,1416,0,0.195622,0,"220613_A00595_0168_BHKNMYDSX3","LIB-MJ256-F10","LIB00082","10","F",0.01,"ILLUMINA-DNA-PREP","blank"
"LIB-MJ256-F3_03","3_03",1998,301698,286292,271546,0.948936,0.900059,151,151,0.781208,278,40995,40491,39118,0.987706,0.954214,147,147,0.619685,304,2,2,44,0,1650,0,0.324324,0,"220613_A00595_0168_BHKNMYDSX3","LIB-MJ256-F3","LIB00082","3","F",0.02,"ILLUMINA-DNA-PREP","blank"
"LIB-MJ259-C10_04","10_04",828,125028,115861,109568,0.92668,0.876348,151,151,0.775786,66,9528,9383,9051,0.984782,0.949937,144,144,0.543451,70,5,7,22,0,736,0,0.0386473,0,"220613_A00595_0168_BHKNMYDSX3","LIB-MJ259-C10","LIB00085","10","C",0.01,"ILLUMINA-DNA-PREP","blank"
"LIB-MJ259-C3_04","3_04",566,85466,79991,75672,0.935939,0.885405,151,151,0.765462,38,5302,5236,5060,0.987552,0.954357,139,139,0.444549,38,5,5,8,0,520,0,0.102473,0,"220613_A00595_0168_BHKNMYDSX3","LIB-MJ259-C3","LIB00085","3","C",0.01,"ILLUMINA-DNA-PREP","blank"
"LIB-MJ259-F10_04","10_04",1784,269384,252852,237780,0.93863,0.88268,151,151,0.666253,576,83770,82524,79151,0.985126,0.944861,145,145,0.577426,606,17,19,34,0,1144,0,0.0358744,0,"220613_A00595_0168_BHKNMYDSX3","LIB-MJ259-F10","LIB00085","10","F",0.01,"ILLUMINA-DNA-PREP","blank"
"LIB-MJ259-F3_04","3_04",1092,164892,156257,147705,0.947632,0.895768,151,151,0.709392,316,45841,45298,43719,0.988155,0.95371,144,145,0.627015,340,11,14,20,0,732,0,0.0860806,0,"220613_A00595_0168_BHKNMYDSX3","LIB-MJ259-F3","LIB00085","3","F",0.01,"ILLUMINA-DNA-PREP","blank"
"LIB-MJ262-C10_03","10_03",2198,331898,302626,286444,0.911804,0.863048,151,151,0.806823,220,32203,31719,30390,0.98497,0.943701,146,146,0.6069,232,14,15,54,0,1912,0,0.00818926,0,"220613_A00595_0168_BHKNMYDSX3","LIB-MJ262-C10","LIB00088","10","C",0.01,"ILLUMINA-DNA-PREP","blank"
"LIB-MJ262-C3_03","3_03",3592,542392,514526,486828,0.948624,0.897557,151,151,0.70122,1050,152145,150136,144623,0.986795,0.95056,144,144,0.55848,1128,40,51,74,0,2390,0,0.150891,0,"220613_A00595_0168_BHKNMYDSX3","LIB-MJ262-C3","LIB00088","3","C",0.03,"ILLUMINA-DNA-PREP","blank"
"LIB-MJ262-F10_03","10_03",3520,531520,501759,475396,0.944008,0.894408,151,151,0.74045,1056,154537,152613,147223,0.98755,0.952672,146,146,0.61837,1136,38,46,74,0,2310,0,0.124432,0,"220613_A00595_0168_BHKNMYDSX3","LIB-MJ262-F10","LIB00088","10","F",0.01,"ILLUMINA-DNA-PREP","blank"
"LIB-MJ262-F3_03","3_03",4264,643864,605890,576441,0.941022,0.895284,151,151,0.709187,1794,264357,261216,252305,0.988118,0.95441,147,147,0.632917,1912,41,50,72,0,2280,0,0.0281426,0,"220613_A00595_0168_BHKNMYDSX3","LIB-MJ262-F3","LIB00088","3","F",0.01,"ILLUMINA-DNA-PREP","blank"
"LIB-MJ263-C10_04","10_04",1812,273612,253351,240373,0.92595,0.878518,151,151,0.800901,282,41611,41091,39688,0.987503,0.953786,147,147,0.625195,302,11,15,32,0,1478,0,0.0220751,0,"220613_A00595_0168_BHKNMYDSX3","LIB-MJ263-C10","LIB00089","10","C",0.03,"ILLUMINA-DNA-PREP","blank"
"LIB-MJ263-C3_04","3_04",1404,212004,197930,186805,0.933614,0.881139,151,151,0.788075,136,19213,18955,18257,0.986572,0.950242,141,141,0.630198,140,10,13,28,0,1236,0,0.116809,0,"220613_A00595_0168_BHKNMYDSX3","LIB-MJ263-C3","LIB00089","3","C",0.02,"ILLUMINA-DNA-PREP","blank"
"LIB-MJ263-F10_04","10_04",4936,745336,702552,663231,0.942598,0.889842,151,151,0.644529,2506,372707,367044,351544,0.984806,0.943218,148,148,0.548318,2642,46,50,124,0,2170,0,0.0291734,0,"220613_A00595_0168_BHKNMYDSX3","LIB-MJ263-F10","LIB00089","10","F",0.02,"ILLUMINA-DNA-PREP","blank"
"LIB-MJ263-F3_04","3_04",1352,204152,192437,182455,0.942616,0.893721,151,151,0.764102,296,44223,43693,42234,0.988015,0.955023,149,149,0.619044,314,6,8,24,0,1014,0,0.109467,0,"220613_A00595_0168_BHKNMYDSX3","LIB-MJ263-F3","LIB00089","3","F",0.02,"ILLUMINA-DNA-PREP","blank"
"LIB-MJ260-C10_01","10_01",2424,366024,336757,317779,0.920041,0.868192,151,151,0.771154,256,36874,36326,34889,0.985139,0.946168,144,143,0.609888,268,21,26,22,0,2134,0,0.0214521,0,"220627_A00595_0174_BHMV5KDSX3","LIB-MJ260-C10","LIB00086","10","C",-0.01,"ILLUMINA-DNA-PREP","blank"
"LIB-MJ260-C3_01","3_01",2080,314080,294280,277730,0.936959,0.884265,151,151,0.740053,456,65698,64980,62713,0.989071,0.954565,144,144,0.630628,470,10,14,44,0,1566,0,0.0740385,0,"220627_A00595_0174_BHMV5KDSX3","LIB-MJ260-C3","LIB00086","3","C",0,"ILLUMINA-DNA-PREP","blank"
"LIB-MJ260-F10_01","10_01",1898,286598,263155,248351,0.918202,0.866548,151,151,0.779077,74,10210,10076,9681,0.986876,0.948188,137,138,0.52145,74,11,14,32,0,1792,0,0.0432034,0,"220627_A00595_0174_BHMV5KDSX3","LIB-MJ260-F10","LIB00086","10","F",-0.01,"ILLUMINA-DNA-PREP","blank"
"LIB-MJ260-F3_01","3_01",2374,358474,333948,314108,0.931582,0.876236,151,151,0.739881,198,27149,26707,25596,0.983719,0.942797,137,137,0.52897,202,23,28,58,0,2114,0,0.14743,0,"220627_A00595_0174_BHMV5KDSX3","LIB-MJ260-F3","LIB00086","3","F",-0.01,"ILLUMINA-DNA-PREP","blank"
"LIB-MJ261-C10_01","10_01",972,146772,135513,127481,0.923289,0.868565,151,151,0.758701,32,4181,4133,4011,0.988519,0.95934,131,129,0.542454,32,5,8,14,0,926,0,0.0576132,0,"220627_A00595_0174_BHMV5KDSX3","LIB-MJ261-C10","LIB00087","10","C",0.01,"ILLUMINA-DNA-PREP","blank"
"LIB-MJ261-C3_01","3_01",1728,260928,239944,224460,0.919579,0.860237,151,151,0.684756,88,11610,11526,11264,0.992765,0.970198,131,132,0.627907,92,20,23,12,0,1624,0,0.0150463,0,"220627_A00595_0174_BHMV5KDSX3","LIB-MJ261-C3","LIB00087","3","C",0.14,"ILLUMINA-DNA-PREP","blank"
"LIB-MJ261-F10_01","10_01",1384,208984,190247,177311,0.910342,0.848443,151,151,0.719888,70,9302,9184,8885,0.987315,0.955171,133,132,0.575145,70,15,17,42,0,1272,0,0.0144509,0,"220627_A00595_0174_BHMV5KDSX3","LIB-MJ261-F10","LIB00087","10","F",0.02,"ILLUMINA-DNA-PREP","blank"
"LIB-MJ261-F3_01","3_01",834,125934,116752,109687,0.927089,0.870988,151,151,0.75449,38,4980,4910,4704,0.985944,0.944578,131,131,0.589357,46,6,9,12,0,776,0,0.0455635,0,"220627_A00595_0174_BHMV5KDSX3","LIB-MJ261-F3","LIB00087","3","F",0.01,"ILLUMINA-DNA-PREP","blank"
"LIB-MJ279-C10_02","10_02",1539916,232527316,223585194,212466073,0.961544,0.913725,151,151,0.622429,1090970,159533274,157635725,152302975,0.988106,0.954678,146,146,0.628606,1156374,30443,37749,33570,8,349964,0,0.0438323,151,"220627_A00595_0174_BHMV5KDSX3","LIB-MJ279-C10","LIB00090","10","C",0.04,"ILLUMINA-DNA-PREP","blank"
"LIB-MJ279-C3_02","3_02",139824,21113424,20389715,19382848,0.965723,0.918034,151,151,0.637882,104042,15396307,15203797,14667380,0.987496,0.952656,147,148,0.641794,110206,2274,2861,2702,0,26916,0,0.0469161,0,"220627_A00595_0174_BHMV5KDSX3","LIB-MJ279-C3","LIB00090","3","C",0.02,"ILLUMINA-DNA-PREP","blank"
"LIB-MJ279-F10_02","10_02",1806,272706,247251,232215,0.906658,0.851521,151,151,0.732199,234,33424,33107,32034,0.990516,0.958413,142,142,0.621679,246,14,15,24,0,1536,0,0.00885936,0,"220627_A00595_0174_BHMV5KDSX3","LIB-MJ279-F10","LIB00090","10","F",0.02,"ILLUMINA-DNA-PREP","blank"
"LIB-MJ279-F3_02","3_02",2350,354850,330490,311580,0.931351,0.878061,151,151,0.757574,322,46787,46229,44707,0.988074,0.955543,145,145,0.651912,356,17,17,42,0,1952,0,0.0953191,0,"220627_A00595_0174_BHMV5KDSX3","LIB-MJ279-F3","LIB00090","3","F",0.03,"ILLUMINA-DNA-PREP","blank"
"LIB-MJ280-C10_02","10_02",1822,275122,246596,231301,0.896315,0.840722,151,151,0.761655,56,7443,7370,7116,0.990192,0.956066,134,131,0.577052,58,16,20,46,0,1718,0,0.00329308,0,"220627_A00595_0174_BHMV5KDSX3","LIB-MJ280-C10","LIB00091","10","C",0.01,"ILLUMINA-DNA-PREP","blank"
"LIB-MJ280-C3_02","3_02",2744,414344,380845,355351,0.919152,0.857623,151,151,0.715705,138,18070,17853,17286,0.987991,0.956613,131,130,0.646099,154,29,33,52,0,2538,0,0.0444606,0,"220627_A00595_0174_BHMV5KDSX3","LIB-MJ280-C3","LIB00091","3","C",0.02,"ILLUMINA-DNA-PREP","blank"
"LIB-MJ280-F10_02","10_02",1428,215628,197251,185361,0.914775,0.859633,151,151,0.729274,44,5994,5894,5663,0.983317,0.944778,135,136,0.57324,50,16,19,18,0,1360,0,0.0406162,0,"220627_A00595_0174_BHMV5KDSX3","LIB-MJ280-F10","LIB00091","10","F",0.02,"ILLUMINA-DNA-PREP","blank"
"LIB-MJ280-F3_02","3_02",1472,222272,201804,192037,0.907915,0.863973,151,151,0.853396,44,6200,6091,5846,0.982419,0.942903,140,141,0.572742,48,2,2,32,0,1392,0,0.00815217,0,"220627_A00595_0174_BHMV5KDSX3","LIB-MJ280-F3","LIB00091","3","F",0.01,"ILLUMINA-DNA-PREP","blank"
"LIB-MJ282-C10_03","10_03",3144,474744,433060,404300,0.912197,0.851617,151,151,0.74383,322,46709,46053,44247,0.985956,0.947291,145,145,0.605879,340,22,27,86,0,2718,0,0.0248092,0,"220627_A00595_0174_BHMV5KDSX3","LIB-MJ282-C10","LIB00093","10","C",0.03959,"ILLUMINA-DNA-PREP","blank"
"LIB-MJ282-C3_03","3_03",1738,262438,245196,230236,0.934301,0.877297,151,151,0.800139,106,15424,15141,14447,0.981652,0.936657,145,145,0.504279,108,6,6,24,0,1606,0,0.207135,0,"220627_A00595_0174_BHMV5KDSX3","LIB-MJ282-C3","LIB00093","3","C",0.02545,"ILLUMINA-DNA-PREP","blank"
"LIB-MJ282-F10_03","10_03",1686,254586,230462,216349,0.905242,0.849807,151,151,0.831723,48,6673,6557,6294,0.982617,0.943204,140,137,0.412558,52,9,11,48,0,1586,0,0.00830368,0,"220627_A00595_0174_BHMV5KDSX3","LIB-MJ282-F10","LIB00093","10","F",0.01992,"ILLUMINA-DNA-PREP","blank"
"LIB-MJ282-F3_03","3_03",2322,350622,326536,307319,0.931305,0.876497,151,151,0.775154,78,9519,9426,9101,0.99023,0.956088,121,122,0.579683,86,18,20,54,0,2182,0,0.14298,0,"220627_A00595_0174_BHMV5KDSX3","LIB-MJ282-F3","LIB00093","3","F",0.02463,"ILLUMINA-DNA-PREP","blank"
"LIB-MJ283-C10_04","10_04",114090,17227590,16443390,15495236,0.95448,0.899443,151,151,0.557661,77310,11295835,11126196,10672938,0.984982,0.944856,146,146,0.554921,81010,2764,3568,2574,0,30506,0,0.0334648,151,"220627_A00595_0174_BHMV5KDSX3","LIB-MJ283-C10","LIB00061","10","C",0.01608,"ILLUMINA-DNA-PREP","blank"
"LIB-MJ283-C3_04","3_04",746,112646,106463,101155,0.945111,0.89799,151,151,0.784848,220,32694,32158,30782,0.983606,0.941518,148,148,0.606686,228,4,4,16,0,502,0,0.0616622,0,"220627_A00595_0174_BHMV5KDSX3","LIB-MJ283-C3","LIB00061","3","C",0.00925,"ILLUMINA-DNA-PREP","blank"
"LIB-MJ283-F10_04","10_04",554,83654,76718,72635,0.917087,0.868279,151,151,0.840617,68,9919,9777,9415,0.985684,0.949188,146,145,0.584131,72,0,0,20,0,462,0,0.00722022,0,"220627_A00595_0174_BHMV5KDSX3","LIB-MJ283-F10","LIB00061","10","F",0.00775,"ILLUMINA-DNA-PREP","blank"
"LIB-MJ283-F3_04","3_04",622,93922,88331,83892,0.940472,0.893209,151,151,0.815932,132,19162,18891,18234,0.985857,0.951571,144,145,0.632502,140,4,4,18,0,464,0,0.0803859,0,"220627_A00595_0174_BHMV5KDSX3","LIB-MJ283-F3","LIB00061","3","F",0.00937,"ILLUMINA-DNA-PREP","blank"
"LIB-MJ284-C10_03","10_03",3842,580142,544861,515012,0.939186,0.887734,151,151,0.801743,330,44700,44218,42860,0.989217,0.958837,135,135,0.602058,352,27,41,60,0,3430,0,0.248829,0,"220627_A00595_0174_BHMV5KDSX3","LIB-MJ284-C10","LIB00062","10","C",0.00914,"ILLUMINA-DNA-PREP","blank"
"LIB-MJ284-C3_03","3_03",1360,205360,190677,179832,0.928501,0.875691,151,151,0.857251,74,10986,10840,10417,0.98671,0.948207,148,148,0.637994,82,5,5,46,0,1232,0,0.211765,0,"220627_A00595_0174_BHMV5KDSX3","LIB-MJ284-C3","LIB00062","3","C",0.01297,"ILLUMINA-DNA-PREP","blank"
"LIB-MJ284-F10_03","10_03",1054,159154,147653,138856,0.927737,0.872463,151,151,0.813922,188,28110,27555,26292,0.980256,0.935326,149,149,0.604625,196,4,5,34,0,824,0,0.106262,0,"220627_A00595_0174_BHMV5KDSX3","LIB-MJ284-F10","LIB00062","10","F",0.00767,"ILLUMINA-DNA-PREP","blank"
"LIB-MJ284-F3_03","3_03",2056,310456,289406,272043,0.932197,0.876269,151,151,0.856968,138,20510,20241,19429,0.986884,0.947294,148,149,0.667235,152,2,2,40,0,1864,0,0.242218,0,"220627_A00595_0174_BHMV5KDSX3","LIB-MJ284-F3","LIB00062","3","F",0.00666,"ILLUMINA-DNA-PREP","blank"
"LIB-MJ306-C10_01","10_01",17020,2570020,2446608,2308642,0.95198,0.898297,151,151,0.660429,11338,1672100,1646601,1580153,0.98475,0.945011,147,147,0.646011,11812,317,392,470,0,4738,0,0.0298472,0,"220721_A00595_0179_AHMTTHDSX3","LIB-MJ306-C10","LIB00083","10","C",0.00748,"ILLUMINA-DNA-PREP","blank"
"LIB-MJ306-C3_01","3_01",1534,231634,213760,202599,0.922835,0.874651,151,151,0.856601,10,1456,1446,1407,0.993132,0.966346,145,145,0.538462,10,6,8,28,0,1496,0,0.0664928,0,"220721_A00595_0179_AHMTTHDSX3","LIB-MJ306-C3","LIB00083","3","C",0.04724,"ILLUMINA-DNA-PREP","blank"
"LIB-MJ306-F10_01","10_01",1500,226500,208471,197589,0.920402,0.872358,151,151,0.842252,36,5057,4929,4652,0.974689,0.919913,138,142,0.484872,36,6,8,28,0,1436,0,0.0293333,0,"220721_A00595_0179_AHMTTHDSX3","LIB-MJ306-F10","LIB00083","10","F",0.01033,"ILLUMINA-DNA-PREP","blank"
"LIB-MJ306-F3_01","3_01",1692,255492,231489,220329,0.906052,0.862371,151,151,0.886043,12,1776,1730,1608,0.974099,0.905405,148,148,0.508446,12,0,0,34,0,1646,0,0.0106383,0,"220721_A00595_0179_AHMTTHDSX3","LIB-MJ306-F3","LIB00083","3","F",0.01674,"ILLUMINA-DNA-PREP","blank"
"LIB-MJ307-C10_01","10_01",1830,276330,257049,244043,0.930225,0.883158,151,151,0.857826,36,5249,5190,5000,0.98876,0.952562,146,144,0.53915,38,5,7,50,0,1742,0,0.160656,0,"220721_A00595_0179_AHMTTHDSX3","LIB-MJ307-C10","LIB00084","10","C",0.00647,"ILLUMINA-DNA-PREP","blank"
"LIB-MJ307-C3_01","3_01",3812,575612,529086,498739,0.919171,0.86645,151,151,0.813343,30,3816,3761,3619,0.985587,0.948375,127,127,0.571279,32,16,20,68,0,3712,0,0.0813221,0,"220721_A00595_0179_AHMTTHDSX3","LIB-MJ307-C3","LIB00084","3","C",0.02832,"ILLUMINA-DNA-PREP","blank"
"LIB-MJ307-F10_01","10_01",1748,263948,242890,229291,0.920219,0.868698,151,151,0.831611,44,6332,6209,5965,0.980575,0.94204,143,144,0.600126,44,8,8,28,0,1676,0,0.0343249,0,"220721_A00595_0179_AHMTTHDSX3","LIB-MJ307-F10","LIB00084","10","F",0.01111,"ILLUMINA-DNA-PREP","blank"
"LIB-MJ307-F3_01","3_01",3826,577726,539881,510398,0.934493,0.88346,151,151,0.82423,622,92760,91397,87921,0.985306,0.947833,148,149,0.662322,664,13,18,80,0,3082,0,0.123366,0,"220721_A00595_0179_AHMTTHDSX3","LIB-MJ307-F3","LIB00084","3","F",0.01306,"ILLUMINA-DNA-PREP","blank"
"LIB-MJ336-C10_02","10_02",7424,1121024,1053687,1002540,0.939933,0.894307,151,151,0.847179,200,29017,28609,27535,0.985939,0.948926,144,145,0.55116,216,16,17,114,0,7094,0,0.304688,0,"220802_A00595_0182_BHMTY7DSX3","LIB-MJ336-C10","LIB00099","10","C",0.01204,"ILLUMINA-DNA-PREP","blank"
"LIB-MJ336-C3_02","3_02",9546,1441446,1344933,1279444,0.933044,0.887611,151,151,0.839796,296,41485,40890,39407,0.985657,0.94991,139,140,0.538677,320,25,29,168,0,9058,0,0.254347,0,"220802_A00595_0182_BHMTY7DSX3","LIB-MJ336-C3","LIB00099","3","C",0.01879,"ILLUMINA-DNA-PREP","blank"
"LIB-MJ336-F10_02","10_02",5976,902376,841940,794197,0.933026,0.880118,151,151,0.784006,1132,167800,165432,158914,0.985888,0.947044,148,148,0.616073,1184,33,43,140,0,4652,0,0.105756,0,"220802_A00595_0182_BHMTY7DSX3","LIB-MJ336-F10","LIB00099","10","F",0.01118,"ILLUMINA-DNA-PREP","blank"
"LIB-MJ336-F3_02","3_02",7978,1204678,1125340,1065565,0.934142,0.884523,151,151,0.838504,136,18625,18394,17708,0.987597,0.950765,136,137,0.522362,144,24,27,110,0,7724,0,0.251943,0,"220802_A00595_0182_BHMTY7DSX3","LIB-MJ336-F3","LIB00099","3","F",0.00725,"ILLUMINA-DNA-PREP","blank"
"LIB-MJ337-C10_03","10_03",4402,664702,624932,590393,0.940169,0.888207,151,151,0.756686,382,54352,53452,51219,0.983441,0.942357,142,142,0.474076,402,26,30,56,0,3944,0,0.196729,0,"220802_A00595_0182_BHMTY7DSX3","LIB-MJ337-C10","LIB00100","10","C",0.01777,"ILLUMINA-DNA-PREP","blank"
"LIB-MJ337-C3_03","3_03",6310,952810,888163,839697,0.932151,0.881285,151,151,0.816486,142,19409,19109,18422,0.984543,0.949147,136,136,0.556855,144,22,30,108,0,6058,0,0.227892,0,"220802_A00595_0182_BHMTY7DSX3","LIB-MJ337-C3","LIB00100","3","C",0.01729,"ILLUMINA-DNA-PREP","blank"
"LIB-MJ337-F10_03","10_03",9826,1483726,1407081,1327471,0.948343,0.894687,151,151,0.667424,4250,613536,604737,581547,0.985659,0.947861,144,144,0.617318,4432,128,149,212,0,5182,0,0.0578058,0,"220802_A00595_0182_BHMTY7DSX3","LIB-MJ337-F10","LIB00100","10","F",0.01875,"ILLUMINA-DNA-PREP","blank"
"LIB-MJ337-F3_03","3_03",3356,506756,474616,448581,0.936577,0.885201,151,151,0.82279,240,34860,34332,33004,0.984854,0.946758,145,145,0.591107,252,9,10,52,0,3052,0,0.230036,0,"220802_A00595_0182_BHMTY7DSX3","LIB-MJ337-F3","LIB00100","3","F",0.00767,"ILLUMINA-DNA-PREP","blank"
"LIB-MJ338-C10_04","10_04",2316,349716,324951,307243,0.929185,0.87855,151,151,0.806609,90,13031,12813,12280,0.983271,0.942368,144,145,0.560586,92,11,13,52,0,2172,0,0.103627,0,"220802_A00595_0182_BHMTY7DSX3","LIB-MJ338-C10","LIB00101","10","C",0.00939,"ILLUMINA-DNA-PREP","blank"
"LIB-MJ338-C3_04","3_04",3090,466590,431595,408636,0.924998,0.875792,151,151,0.8232,60,8799,8717,8436,0.990681,0.958745,146,146,0.551654,66,15,15,54,0,2970,0,0.0776699,0,"220802_A00595_0182_BHMTY7DSX3","LIB-MJ338-C3","LIB00101","3","C",0.01264,"ILLUMINA-DNA-PREP","blank"
"LIB-MJ338-F10_04","10_04",1798,271498,249967,235013,0.920696,0.865616,151,151,0.785803,98,14114,13930,13406,0.986963,0.949837,144,143,0.593666,106,7,8,42,0,1650,0,0.0266963,0,"220802_A00595_0182_BHMTY7DSX3","LIB-MJ338-F10","LIB00101","10","F",0.01152,"ILLUMINA-DNA-PREP","blank"
"LIB-MJ338-F3_04","3_04",3300,498300,461964,434860,0.92708,0.872687,151,151,0.79769,112,15558,15294,14580,0.983031,0.937138,138,139,0.555791,122,22,25,44,0,3134,0,0.0836364,0,"220802_A00595_0182_BHMTY7DSX3","LIB-MJ338-F3","LIB00101","3","F",0.01114,"ILLUMINA-DNA-PREP","blank"
"LIB-MJ339-C10_03","10_03",2118,319818,287378,269896,0.898567,0.843905,151,151,0.765695,62,8763,8585,8224,0.979687,0.938491,141,140,0.456465,66,14,15,40,0,2012,0,0.00377715,0,"220802_A00595_0182_BHMTY7DSX3","LIB-MJ339-C10","LIB00102","10","C",0.01214,"ILLUMINA-DNA-PREP","blank"
"LIB-MJ339-C3_03","3_03",1266,191166,178117,168541,0.93174,0.881647,151,151,0.841122,24,3428,3404,3328,0.992999,0.970828,142,143,0.553384,24,6,6,20,0,1222,0,0.173776,0,"220802_A00595_0182_BHMTY7DSX3","LIB-MJ339-C3","LIB00102","3","C",0.03764,"ILLUMINA-DNA-PREP","blank"
"LIB-MJ339-F10_03","10_03",952,143752,132687,124805,0.923027,0.868197,151,151,0.766869,2,207,206,200,0.995169,0.966184,101,106,0.478261,2,6,7,28,0,922,0,0.0777311,0,"220802_A00595_0182_BHMTY7DSX3","LIB-MJ339-F10","LIB00102","10","F",0.05235,"ILLUMINA-DNA-PREP","blank"
"LIB-MJ339-F3_03","3_03",844,127444,114343,107150,0.897202,0.840761,151,151,0.709378,26,3522,3463,3337,0.983248,0.947473,137,133,0.56644,28,4,4,20,0,796,0,0.00473934,0,"220802_A00595_0182_BHMTY7DSX3","LIB-MJ339-F3","LIB00102","3","F",0.02856,"ILLUMINA-DNA-PREP","blank"
"LIB-MJ342-C10_02","10_02",3196,482596,434820,409156,0.901002,0.847823,151,151,0.79982,104,14824,14617,14044,0.986036,0.947383,142,142,0.559768,106,21,22,64,0,3026,0,0.00813517,0,"220802_A00595_0182_BHMTY7DSX3","LIB-MJ342-C10","LIB00105","10","C",0.01499,"ILLUMINA-DNA-PREP","blank"
"LIB-MJ342-C3_02","3_02",3962,598262,557388,527986,0.931679,0.882533,151,151,0.807325,118,16498,16227,15593,0.983574,0.945145,139,140,0.610256,124,14,14,60,0,3778,0,0.131247,0,"220802_A00595_0182_BHMTY7DSX3","LIB-MJ342-C3","LIB00105","3","C",0.02571,"ILLUMINA-DNA-PREP","blank"
"LIB-MJ342-F10_02","10_02",40698,6145398,5875487,5554890,0.956079,0.903911,151,151,0.626474,25816,3818551,3763911,3616792,0.985691,0.947163,147,147,0.6057,27056,435,551,958,0,12684,0,0.0416237,0,"220802_A00595_0182_BHMTY7DSX3","LIB-MJ342-F10","LIB00105","10","F",0.01864,"ILLUMINA-DNA-PREP","blank"
"LIB-MJ342-F3_02","3_02",4390,662890,601099,571244,0.906785,0.861748,151,151,0.824555,98,13113,12852,12269,0.980096,0.935636,133,133,0.526805,98,18,21,86,0,4206,0,0.00774487,0,"220802_A00595_0182_BHMTY7DSX3","LIB-MJ342-F3","LIB00105","3","F",0.01413,"ILLUMINA-DNA-PREP","blank"
"LIB-MJ343-C10_01","10_01",2222,335522,308034,288039,0.918074,0.85848,151,151,0.715592,506,74484,73230,70168,0.983164,0.942055,146,147,0.618603,528,29,34,54,0,1640,0,0.00990099,0,"220802_A00595_0182_BHMTY7DSX3","LIB-MJ343-C10","LIB00106","10","C",0.01054,"ILLUMINA-DNA-PREP","blank"
"LIB-MJ343-C3_01","3_01",2438,368138,338785,317115,0.920266,0.861403,151,151,0.751349,44,5757,5694,5476,0.989057,0.95119,130,130,0.605003,46,23,26,40,0,2352,0,0.0541427,0,"220802_A00595_0182_BHMTY7DSX3","LIB-MJ343-C3","LIB00106","3","C",0.00804,"ILLUMINA-DNA-PREP","blank"
"LIB-MJ343-F10_01","10_01",5962,900262,805692,747445,0.894953,0.830253,151,151,0.693319,396,55572,54642,52205,0.983265,0.939412,140,140,0.528576,404,103,121,134,0,5424,0,0.00402549,0,"220802_A00595_0182_BHMTY7DSX3","LIB-MJ343-F10","LIB00106","10","F",0.00909,"ILLUMINA-DNA-PREP","blank"
"LIB-MJ343-F3_01","3_01",5338,806038,739232,689767,0.917118,0.85575,151,151,0.725823,206,25912,25484,24361,0.983483,0.940144,125,125,0.626196,208,87,102,64,0,5066,0,0.0322218,0,"220802_A00595_0182_BHMTY7DSX3","LIB-MJ343-F3","LIB00106","3","F",0.01028,"ILLUMINA-DNA-PREP","blank"
"LIB-MJ344-C10_04","10_04",4310,650810,591958,555729,0.909571,0.853904,151,151,0.759915,180,24495,24236,23423,0.989426,0.956236,136,136,0.569218,188,33,44,86,0,4036,0,0.00928074,0,"220802_A00595_0182_BHMTY7DSX3","LIB-MJ344-C10","LIB00107","10","C",0.01039,"ILLUMINA-DNA-PREP","blank"
"LIB-MJ344-C3_04","3_04",5386,813286,752296,707472,0.925008,0.869893,151,151,0.764433,116,14712,14511,14027,0.986338,0.953439,126,127,0.584353,116,40,48,78,0,5192,0,0.0984033,0,"220802_A00595_0182_BHMTY7DSX3","LIB-MJ344-C3","LIB00107","3","C",0.01321,"ILLUMINA-DNA-PREP","blank"
"LIB-MJ344-F10_04","10_04",6810,1028310,935140,877295,0.909395,0.853143,151,151,0.724142,928,133669,131368,125475,0.982786,0.938699,144,143,0.542923,976,73,90,98,0,5736,0,0.0138032,0,"220802_A00595_0182_BHMTY7DSX3","LIB-MJ344-F10","LIB00107","10","F",0.00611,"ILLUMINA-DNA-PREP","blank"
"LIB-MJ344-F3_04","3_04",3374,509474,473081,448836,0.928568,0.880979,151,151,0.823339,90,12198,11961,11389,0.980571,0.933678,135,135,0.504427,90,12,12,42,0,3242,0,0.0960285,0,"220802_A00595_0182_BHMTY7DSX3","LIB-MJ344-F3","LIB00107","3","F",0.01908,"ILLUMINA-DNA-PREP","blank"
"LIB-MJ340-C10_01","10_01",5064,764664,670232,612884,0.876505,0.801508,151,151,0.755682,76,9590,9395,8965,0.979666,0.934828,126,126,0.620751,80,91,113,184,0,4800,0,0.00592417,0,"220812_A00595_0185_AHVYLFDSX3","LIB-MJ340-C10","LIB00103","10","C",0.00893,"ILLUMINA-DNA-PREP","blank"
"LIB-MJ340-C3_01","3_01",4014,606114,552337,510079,0.911276,0.841556,151,151,0.756402,502,72126,70384,66381,0.975848,0.920348,143,143,0.630633,522,87,108,114,0,3378,0,0.021425,0,"220812_A00595_0185_AHVYLFDSX3","LIB-MJ340-C3","LIB00103","3","C",0.02678,"ILLUMINA-DNA-PREP","blank"
"LIB-MJ340-F10_01","10_01",6254,944354,846618,778207,0.896505,0.824063,151,151,0.741857,78,10084,9885,9420,0.980266,0.934153,129,128,0.563566,84,93,106,200,0,5970,0,0.00959386,0,"220812_A00595_0185_AHVYLFDSX3","LIB-MJ340-F10","LIB00103","10","F",0.01602,"ILLUMINA-DNA-PREP","blank"
"LIB-MJ340-F3_01","3_01",4710,711210,629416,580990,0.884993,0.816904,151,151,0.792646,58,6844,6730,6435,0.983343,0.94024,118,118,0.595558,58,54,65,128,0,4524,0,0.00849257,0,"220812_A00595_0185_AHVYLFDSX3","LIB-MJ340-F3","LIB00103","3","F",0.01528,"ILLUMINA-DNA-PREP","blank"
"LIB-MJ341-C10_02","10_02",8346,1260246,1148216,1048467,0.911105,0.831954,151,151,0.676943,3260,470446,458348,429318,0.974284,0.912577,144,144,0.62252,3338,288,360,348,0,4660,0,0.0141385,0,"220812_A00595_0185_AHVYLFDSX3","LIB-MJ341-C10","LIB00104","10","C",0.01003,"ILLUMINA-DNA-PREP","blank"
"LIB-MJ341-C3_02","3_02",3692,557492,506768,468714,0.909014,0.840755,151,151,0.810932,368,53611,52202,48918,0.973718,0.912462,145,146,0.611311,376,43,57,122,0,3194,0,0.0216685,0,"220812_A00595_0185_AHVYLFDSX3","LIB-MJ341-C3","LIB00104","3","C",0.02588,"ILLUMINA-DNA-PREP","blank"
"LIB-MJ341-F10_02","10_02",1984,299584,268994,249193,0.897892,0.831797,151,151,0.810828,10,1418,1375,1284,0.969676,0.905501,141,141,0.452045,12,27,29,70,0,1902,0,0.00504032,0,"220812_A00595_0185_AHVYLFDSX3","LIB-MJ341-F10","LIB00104","10","F",0.00842,"ILLUMINA-DNA-PREP","blank"
"LIB-MJ341-F3_02","3_02",3332,503132,444970,409923,0.8844,0.814742,151,151,0.81729,38,5132,4971,4640,0.968628,0.904131,136,133,0.441738,40,37,45,100,0,3192,0,0.00480192,0,"220812_A00595_0185_AHVYLFDSX3","LIB-MJ341-F3","LIB00104","3","F",0.01387,"ILLUMINA-DNA-PREP","blank"
"LIB-MJ345-C10_01","10_01",2584,390184,348255,320562,0.89254,0.821566,151,151,0.753616,64,8795,8597,8095,0.977487,0.920409,136,137,0.57021,64,44,49,66,0,2454,0,0.00154799,0,"220812_A00595_0185_AHVYLFDSX3","LIB-MJ345-C10","LIB00108","10","C",0.0149,"ILLUMINA-DNA-PREP","blank"
"LIB-MJ345-C3_01","3_01",3162,477462,432056,397767,0.904901,0.833086,151,151,0.755932,42,5414,5292,4983,0.977466,0.920392,128,129,0.601219,42,65,80,76,0,3044,0,0.0265655,0,"220812_A00595_0185_AHVYLFDSX3","LIB-MJ345-C3","LIB00108","3","C",0.01295,"ILLUMINA-DNA-PREP","blank"
"LIB-MJ345-F10_01","10_01",2958,446658,400136,367697,0.895844,0.823218,151,151,0.759698,362,52205,51109,48241,0.979006,0.924069,144,144,0.59977,368,53,69,120,0,2470,0,0.00270453,0,"220812_A00595_0185_AHVYLFDSX3","LIB-MJ345-F10","LIB00108","10","F",0.01075,"ILLUMINA-DNA-PREP","blank"
"LIB-MJ345-F3_01","3_01",5140,776140,702890,649252,0.905623,0.836514,151,151,0.756762,120,14716,14499,13860,0.985254,0.941832,123,122,0.600571,126,102,112,138,0,4876,0,0.0307393,0,"220812_A00595_0185_AHVYLFDSX3","LIB-MJ345-F3","LIB00108","3","F",0.01905,"ILLUMINA-DNA-PREP","blank"
"LIB-MJ346-C10_02","10_02",2318,350018,313655,288258,0.896111,0.823552,151,151,0.753796,314,44642,43824,41523,0.981676,0.930133,141,142,0.613884,314,55,70,106,0,1898,0,0,0,"220812_A00595_0185_AHVYLFDSX3","LIB-MJ346-C10","LIB00109","10","C",0.01188,"ILLUMINA-DNA-PREP","blank"
"LIB-MJ346-C3_02","3_02",6484,979084,890231,818886,0.909249,0.83638,151,151,0.728309,822,113241,110953,105222,0.979795,0.929186,137,137,0.637428,842,187,227,200,0,5442,0,0.0194324,0,"220812_A00595_0185_AHVYLFDSX3","LIB-MJ346-C3","LIB00109","3","C",0.01125,"ILLUMINA-DNA-PREP","blank"
"LIB-MJ346-F10_02","10_02",4770,720270,634408,579122,0.880792,0.804035,151,151,0.730773,94,11872,11668,11087,0.982817,0.933878,126,126,0.594003,98,101,116,122,0,4550,0,0.00419287,0,"220812_A00595_0185_AHVYLFDSX3","LIB-MJ346-F10","LIB00109","10","F",0.00788,"ILLUMINA-DNA-PREP","blank"
"LIB-MJ346-F3_02","3_02",8186,1236086,1117111,1031132,0.903749,0.834191,151,151,0.771484,126,15480,15160,14416,0.979328,0.931266,122,122,0.585401,132,154,180,232,0,7822,0,0.0210115,0,"220812_A00595_0185_AHVYLFDSX3","LIB-MJ346-F3","LIB00109","3","F",0.01363,"ILLUMINA-DNA-PREP","blank"
"LIB-MJ347-C10_04","10_04",2888,436088,396427,365444,0.909053,0.838005,151,151,0.7702,34,4024,3932,3695,0.977137,0.918241,118,118,0.62997,34,49,55,78,0,2776,0,0.0415512,0,"220812_A00595_0185_AHVYLFDSX3","LIB-MJ347-C10","LIB00110","10","C",0.02,"ILLUMINA-DNA-PREP","blank"
"LIB-MJ347-C3_04","3_04",2904,438504,397030,366596,0.905419,0.836015,151,151,0.780089,46,5734,5670,5455,0.988839,0.951343,123,125,0.635507,46,51,61,98,0,2760,0,0.023416,0,"220812_A00595_0185_AHVYLFDSX3","LIB-MJ347-C3","LIB00110","3","C",0.03,"ILLUMINA-DNA-PREP","blank"
"LIB-MJ347-F10_04","10_04",85760,12949760,12130032,11094123,0.936699,0.856705,151,151,0.622099,57156,8416674,8202109,7689092,0.974507,0.913555,146,147,0.625085,58158,3599,4714,3868,0,23734,0,0.0121035,0,"220812_A00595_0185_AHVYLFDSX3","LIB-MJ347-F10","LIB00110","10","F",0.04,"ILLUMINA-DNA-PREP","blank"
"LIB-MJ347-F3_04","3_04",108150,16330650,15268582,14018203,0.934965,0.858398,151,151,0.630775,60198,8748970,8539529,8031018,0.976061,0.917939,145,145,0.630231,61780,4539,5824,3946,0,42424,0,0.0179565,0,"220812_A00595_0185_AHVYLFDSX3","LIB-MJ347-F3","LIB00110","3","F",0.02,"ILLUMINA-DNA-PREP","blank"
"LIB-MJ352-C10_03","10_03",2544,384144,347581,318210,0.90482,0.828361,151,151,0.74011,58,7478,7289,6808,0.974726,0.910404,128,129,0.548409,62,59,74,74,0,2408,0,0.0204403,0,"220812_A00595_0185_AHVYLFDSX3","LIB-MJ352-C10","LIB00111","10","C",0.01,"ILLUMINA-DNA-PREP","blank"
"LIB-MJ352-C3_03","3_03",4426,668326,617101,565709,0.923353,0.846457,151,151,0.680545,1728,254200,248177,233237,0.976306,0.917533,146,147,0.630932,1768,130,150,206,0,2452,0,0.0140081,0,"220812_A00595_0185_AHVYLFDSX3","LIB-MJ352-C3","LIB00111","3","C",0.01,"ILLUMINA-DNA-PREP","blank"
"LIB-MJ352-F10_03","10_03",2758,416458,370998,337222,0.890841,0.809738,151,151,0.765948,26,3005,2930,2778,0.975042,0.924459,113,117,0.56173,26,57,69,102,0,2630,0,0.00797679,0,"220812_A00595_0185_AHVYLFDSX3","LIB-MJ352-F10","LIB00111","10","F",0.02,"ILLUMINA-DNA-PREP","blank"
"LIB-MJ352-F3_03","3_03",4322,652622,590990,541416,0.905562,0.829601,151,151,0.741927,212,28184,27557,25902,0.977753,0.919032,132,133,0.510006,216,95,107,150,0,3956,0,0.0208237,0,"220812_A00595_0185_AHVYLFDSX3","LIB-MJ352-F3","LIB00111","3","F",0.01,"ILLUMINA-DNA-PREP","blank"
"LIB-MJ353-C10_03","10_03",3594,542694,479049,438676,0.882724,0.80833,151,151,0.855747,10,1310,1266,1189,0.966412,0.907634,131,131,0.558015,10,23,25,156,0,3428,0,0.0066778,0,"220812_A00595_0185_AHVYLFDSX3","LIB-MJ353-C10","LIB00112","10","C",0.02,"ILLUMINA-DNA-PREP","blank"
"LIB-MJ353-C3_03","3_03",5822,879122,800182,743956,0.910206,0.846249,151,151,0.866967,42,5354,5238,4941,0.978334,0.922861,127,127,0.510459,44,18,19,222,0,5556,0,0.0515287,0,"220812_A00595_0185_AHVYLFDSX3","LIB-MJ353-C3","LIB00112","3","C",0.04,"ILLUMINA-DNA-PREP","blank"
"LIB-MJ353-F10_03","10_03",4773214,720755314,674395165,616524938,0.935678,0.855387,151,151,0.608967,3106004,454585226,443012833,415319662,0.974543,0.913623,146,146,0.615821,3170992,212428,272676,212948,2,1389272,0,0.0142935,151,"220812_A00595_0185_AHVYLFDSX3","LIB-MJ353-F10","LIB00112","10","F",0.1,"ILLUMINA-DNA-PREP","blank"
"LIB-MJ353-F3_03","3_03",14700,2219700,1999058,1842807,0.900598,0.830205,151,151,0.795443,2256,327554,318870,298190,0.973488,0.910354,145,145,0.601791,2320,240,318,586,0,11794,0,0.0115646,0,"220812_A00595_0185_AHVYLFDSX3","LIB-MJ353-F3","LIB00112","3","F",0.02,"ILLUMINA-DNA-PREP","blank"
"LIB-MJ354-C3_04","3_04",2778,419478,384892,355283,0.91755,0.846965,151,151,0.765127,620,90590,88140,82430,0.972955,0.909924,145,146,0.600375,634,55,82,122,0,2022,0,0.0223182,0,"220812_A00595_0185_AHVYLFDSX3","LIB-MJ354-C3","LIB00113","3","C",0.02,"ILLUMINA-DNA-PREP","blank"
"LIB-MJ354-F10_04","10_04",1324,199924,179850,165676,0.899592,0.828695,151,151,0.781047,44,6110,5950,5547,0.973813,0.907856,139,138,0.541244,44,16,17,54,0,1226,0,0.00906344,0,"220812_A00595_0185_AHVYLFDSX3","LIB-MJ354-F10","LIB00113","10","F",0.01,"ILLUMINA-DNA-PREP","blank"
"LIB-MJ354-F3_04","3_04",2046,308946,276846,255622,0.896098,0.8274,151,151,0.788546,238,33899,32909,30712,0.970796,0.905985,142,142,0.615446,244,48,65,66,0,1736,0,0.00293255,0,"220812_A00595_0185_AHVYLFDSX3","LIB-MJ354-F3","LIB00113","3","F",0.01,"ILLUMINA-DNA-PREP","blank"
"LIB-MJ386-C10_04","10_04",2690,406190,380238,355735,0.936109,0.875785,151,151,0.826714,344,50709,49887,47615,0.98379,0.938985,147,147,0.610621,354,11,14,62,0,2274,0,0.241636,0,"230630_A00595_0254_BH5NGYDSX5","LIB-MJ386-C10","LIB00120","10","C",0,"metagenome","blank"
"LIB-MJ386-C3_04","3_04",3068,463268,430166,402231,0.928547,0.868247,151,151,0.868264,14,1878,1826,1738,0.972311,0.925453,134,134,0.501065,14,4,5,88,0,2966,0,0.259452,0,"230630_A00595_0254_BH5NGYDSX5","LIB-MJ386-C3","LIB00120","3","C",0.02,"metagenome","blank"
"LIB-MJ386-F10_04","10_04",3998,603698,554322,513821,0.918211,0.851123,151,151,0.877798,24,3449,3399,3280,0.985503,0.951,143,144,0.603943,24,7,9,126,0,3848,0,0.208104,0,"230630_A00595_0254_BH5NGYDSX5","LIB-MJ386-F10","LIB00120","10","F",0.01,"metagenome","blank"
"LIB-MJ386-F3_04","3_04",5206,786106,725722,671344,0.923186,0.854012,151,151,0.860504,32,4424,4298,4001,0.971519,0.904385,137,138,0.522378,32,8,10,136,0,5038,0,0.233577,0,"230630_A00595_0254_BH5NGYDSX5","LIB-MJ386-F3","LIB00120","3","F",0.01,"metagenome","blank"
"LIB-MJ386-H7_04","7_04",25599302,3865494602,3664873252,3419214513,0.948099,0.884548,151,151,0.496829,12517896,1758505372,1727331041,1645212076,0.982272,0.935574,140,140,0.470244,12848432,1002416,1244251,538720,116,12212034,0,0.0146867,151,"230630_A00595_0254_BH5NGYDSX5","LIB-MJ386-H7","LIB00120","7","H",0.11,"metagenome","blank"
"LIB-MJ389-C10_03","10_03",43216,6525616,6159296,5737536,0.943864,0.879233,151,151,0.597682,25992,3817740,3739798,3548108,0.979584,0.929374,147,146,0.560556,26580,799,971,1332,0,15304,0,0.0207793,0,"230630_A00595_0254_BH5NGYDSX5","LIB-MJ389-C10","LIB00123","10","C",0.02,"metagenome","blank"
"LIB-MJ389-C3_03","3_03",17524,2646124,2507206,2337534,0.947501,0.88338,151,151,0.59993,10048,1482770,1451809,1375817,0.979119,0.927869,147,147,0.532408,10228,244,302,484,0,6812,0,0.057407,0,"230630_A00595_0254_BH5NGYDSX5","LIB-MJ389-C3","LIB00123","3","C",0.01,"metagenome","blank"
"LIB-MJ389-F10_03","10_03",10240,1546240,1451158,1342121,0.938508,0.86799,151,151,0.569756,6474,956437,933944,881382,0.976483,0.921526,148,147,0.532146,6602,128,158,408,0,3230,0,0.0130859,0,"230630_A00595_0254_BH5NGYDSX5","LIB-MJ389-F10","LIB00123","10","F",0.01,"metagenome","blank"
"LIB-MJ389-F3_03","3_03",33612,5075412,4804995,4479005,0.94672,0.882491,151,151,0.58798,19572,2873964,2815678,2673083,0.979719,0.930103,146,146,0.547923,20016,571,730,990,0,12606,0,0.0409378,0,"230630_A00595_0254_BH5NGYDSX5","LIB-MJ389-F3","LIB00123","3","F",0.02,"metagenome","blank"
"LIB-MJ381-C10_02","10_02",9794,1478894,1356959,1257968,0.91755,0.850614,151,151,0.766785,740,102356,100023,94344,0.977207,0.921724,138,138,0.463598,758,122,149,260,0,8776,0,0.113743,0,"230703_A00595_0256_BH5NHYDSX5","LIB-MJ381-C10","LIB00115","10","C",0.1,"metagenome","blank"
"LIB-MJ381-C3_02","3_02",5268,795468,739684,687588,0.929873,0.864382,151,151,0.778655,256,35018,34069,31955,0.9729,0.912531,136,136,0.436718,262,51,65,118,0,4888,0,0.223994,0,"230703_A00595_0256_BH5NHYDSX5","LIB-MJ381-C3","LIB00115","3","C",0.04,"metagenome","blank"
"LIB-MJ381-F10_02","10_02",1178,177878,161584,148373,0.908398,0.834128,151,151,0.752499,218,31369,30648,28864,0.977016,0.920144,144,143,0.60359,226,21,23,30,0,922,0,0.00679117,0,"230703_A00595_0256_BH5NHYDSX5","LIB-MJ381-F10","LIB00115","10","F",0.02,"metagenome","blank"
"LIB-MJ381-F3_02","3_02",1296,195696,180828,167264,0.924025,0.854713,151,151,0.781498,42,6077,5898,5520,0.970545,0.908343,144,144,0.557018,42,9,9,40,0,1214,0,0.126543,0,"230703_A00595_0256_BH5NHYDSX5","LIB-MJ381-F3","LIB00115","3","F",0.02,"metagenome","blank"
NA,NA,NA,NA,NA,NA,NA,NA,NA,NA,NA,NA,NA,NA,NA,NA,NA,NA,NA,NA,NA,NA,NA,NA,NA,NA,NA,NA,NA,NA,"LIB-MJ354-C10","LIB00113","10","C",0.01,"ILLUMINA-DNA-PREP","blank"
"LIB-MJ044-D12_03","12_03",37487612,5660629412,5486238480,5233117926,0.969192,0.924476,151,151,0.584784,25982244,3706794630,3660839339,3528655824,0.987602,0.951943,142,142,0.587464,30347972,1382323,1726067,296718,30,6842892,0,0.117745,151,"20003-02","LIB-MJ044-D12","LIB00003","12","D",3.44109,"ILLUMINA-DNA-PREP(OLD)","extraction-positive"
"LIB-MJ048-D12_04","12_04",25636746,3871148646,3789154149,3656380934,0.978819,0.944521,151,151,0.593288,19674988,2935604294,2907046801,2825563304,0.990272,0.962515,149,149,0.592973,23200502,254997,317423,301080,54,2135110,0,0.138701,261,"20003-02","LIB-MJ048-D12","LIB00005","12","D",3.59346,"ILLUMINA-DNA-PREP(OLD)","extraction-positive"
"LIB-MJ050-D12_02","12_02",34843870,5261424370,5165950815,5015699526,0.981854,0.953297,151,151,0.591845,25663638,3724507451,3699109370,3618800566,0.993181,0.971619,145,145,0.595605,30498940,638055,781465,289214,26,4055690,0,0.140954,151,"20003-02","LIB-MJ050-D12","LIB00001","12","D",2.5562,"ILLUMINA-DNA-PREP(OLD)","extraction-positive"
"LIB-MJ051-D12_02","12_02",27625880,4171507880,4084784338,3949017385,0.979211,0.946664,151,151,0.599506,21261832,3174258367,3145224108,3060529806,0.990853,0.964172,149,149,0.599795,25208618,235752,292851,307074,34,2110154,0,0.143956,263,"20003-02","LIB-MJ051-D12","LIB00002","12","D",1.6805,"ILLUMINA-DNA-PREP(OLD)","extraction-positive"
"LIB-MJ054-D12_03","12_03",31854956,4810098356,4696321911,4519312492,0.976346,0.939547,151,151,0.593492,23972924,3566663361,3528789887,3423308419,0.989381,0.959807,148,148,0.593624,28280384,397394,497388,409640,46,3164886,0,0.136505,151,"20003-02","LIB-MJ054-D12","LIB00004","12","D",1.72351,"ILLUMINA-DNA-PREP(OLD)","extraction-positive"
"LIB-MJ055-D12_04","12_04",29693596,4483732996,4370531083,4169448126,0.974753,0.929906,151,151,0.612284,22534002,3356117243,3307397861,3176500591,0.985483,0.946481,148,149,0.612535,26685740,548987,680413,269842,48,2737966,0,0.141506,263,"20003-02","LIB-MJ055-D12","LIB00006","12","D",1.88415,"ILLUMINA-DNA-PREP(OLD)","extraction-positive"
"LIB-MJ088-D12_04","12_04",16554356,2499707756,2379584909,2210351339,0.951945,0.884244,151,151,0.598529,12105572,1793249563,1751427167,1654976635,0.976678,0.922893,147,148,0.601587,12572796,552399,737915,500420,0,3481140,0,0.0294088,1,"21123-01","LIB-MJ088-D12","LIB00007","12","D",0.54,"ILLUMINA-DNA-PREP","extraction-positive"
"LIB-MJ089-D12_02","12_02",28359018,4282211718,4128116693,3903897376,0.964015,0.911654,151,151,0.561447,21149474,3138244576,3090614505,2964347067,0.984823,0.944588,148,148,0.560015,23021658,357930,449405,647920,6,4689434,0,0.0678392,151,"21123-01","LIB-MJ089-D12","LIB00008","12","D",0.32,"ILLUMINA-DNA-PREP","extraction-positive"
"LIB-MJ090-D12_04","12_04",14247160,2151321160,2065879984,1947145382,0.960284,0.905093,151,151,0.589069,9421542,1350616139,1331323859,1278271068,0.985716,0.946436,143,143,0.596607,10071470,561202,706610,312116,0,3863574,0,0.0495681,151,"21123-01","LIB-MJ090-D12","LIB00009","12","D",0.07,"ILLUMINA-DNA-PREP","extraction-positive"
"LIB-MJ091-D12_03","12_03",36634958,5531878658,5361717507,5072114269,0.96924,0.916888,151,151,0.564337,25433772,3775693316,3708493868,3537640492,0.982202,0.936951,148,148,0.562988,31009136,751371,954187,489432,0,5136390,0,0.156555,271,"21123-01","LIB-MJ091-D12","LIB00010","12","D",0.3,"ILLUMINA-DNA-PREP","extraction-positive"
"LIB-MJ092-D12_01","12_01",23854306,3602000206,3479579827,3311161315,0.966013,0.919256,151,151,0.561695,17087940,2510184032,2478846234,2390301885,0.987516,0.952242,146,146,0.560795,19549536,549913,680075,469986,2,3834782,0,0.105067,151,"21123-01","LIB-MJ092-D12","LIB00011","12","D",0.83,"ILLUMINA-DNA-PREP","extraction-positive"
"LIB-MJ093-D12_02","12_02",34548184,5216775784,5056918060,4822883183,0.969357,0.924495,151,151,0.542182,24069130,3540294871,3497642011,3376190925,0.987952,0.953647,147,147,0.536372,27833624,684978,845641,553166,0,6161394,0,0.112433,151,"21123-01","LIB-MJ093-D12","LIB00012","12","D",0.42,"ILLUMINA-DNA-PREP","extraction-positive"
"LIB-MJ108-D12_02","12_02",26416362,3988870662,3866145572,3680656577,0.969233,0.922731,151,151,0.568332,18604484,2744597734,2709027278,2611323049,0.98704,0.951441,147,147,0.567713,21479130,417799,520288,503972,0,4433260,0,0.114061,151,"21123-01","LIB-MJ108-D12","LIB00017","12","D",0.14,"ILLUMINA-DNA-PREP","extraction-positive"
"LIB-MJ109-D12_01","12_01",39779296,6006673696,5806138253,5509236491,0.966615,0.917186,151,151,0.568581,29449812,4385468136,4322143674,4154539205,0.98556,0.947342,149,148,0.568033,33434070,353551,451373,928050,12,5417164,0,0.102166,151,"21123-01","LIB-MJ109-D12","LIB00013","12","D",0.49,"ILLUMINA-DNA-PREP","extraction-positive"
"LIB-MJ129-D12_02","12_02",26969958,4072463658,3936425925,3736769369,0.966596,0.91757,151,151,0.557877,21045558,3122912230,3079950559,2961408669,0.986243,0.948284,148,148,0.557302,22523466,404671,507207,544266,8,3902218,0,0.0558555,151,"21123-01","LIB-MJ129-D12","LIB00019","12","D",0.69,"ILLUMINA-DNA-PREP","extraction-positive"
"LIB-MJ130-D12_01","12_01",30486596,4603475996,4453203417,4226853309,0.967357,0.918187,151,151,0.52972,23057294,3415824939,3368900955,3239286304,0.986263,0.948317,148,148,0.527273,25784970,612500,757902,594446,0,4107180,0,0.0915755,151,"21123-01","LIB-MJ130-D12","LIB00020","12","D",0.91,"ILLUMINA-DNA-PREP","extraction-positive"
"LIB-MJ131-D12_01","12_01",74246,11211146,10611969,10141969,0.946555,0.904633,151,151,0.837832,6132,909330,896982,863962,0.986421,0.950108,148,148,0.552707,6692,130,166,1018,0,66536,0,0.507179,0,"21123-01","LIB-MJ131-D12","LIB00021","12","D",0.03,"ILLUMINA-DNA-PREP","extraction-positive"
"LIB-MJ132-D12_03","12_03",6587828,994762028,967566828,930470178,0.972662,0.93537,151,151,0.587646,4068716,594100795,588631803,572444099,0.990795,0.963547,145,146,0.587443,5016828,90217,111326,73216,0,1497784,0,0.149738,151,"21123-01","LIB-MJ132-D12","LIB00022","12","D",0.12,"ILLUMINA-DNA-PREP","extraction-positive"
"LIB-MJ105-D12_01","12_01",18969322,2864367622,2742435289,2574541611,0.957431,0.898817,151,151,0.544885,14084034,2074069717,2039954161,1951413305,0.983551,0.940862,147,147,0.541503,14337730,384479,462247,538314,24,4093254,0,0.0138329,151,"211129_A00595_0124_BHVJMTDSXY","LIB-MJ105-D12","LIB00014","12","D",0.29,"ILLUMINA-DNA-PREP","extraction-positive"
"LIB-MJ106-D12_01","12_01",6367772,961533572,903894911,847118309,0.940055,0.881008,151,151,0.558783,4168986,598126580,589012908,564550399,0.984763,0.943864,143,143,0.552934,4232318,222882,266507,181412,0,1954042,0,0.0101442,151,"211129_A00595_0124_BHVJMTDSXY","LIB-MJ106-D12","LIB00015","12","D",0.06,"ILLUMINA-DNA-PREP","extraction-positive"
"LIB-MJ107-D12_02","12_02",4010720,605618720,577992263,542430916,0.954383,0.895664,151,151,0.553743,2700792,388024577,382168337,366395470,0.984908,0.944258,143,143,0.549353,2736040,143396,170623,103592,4,1171084,0,0.00924572,151,"211129_A00595_0124_BHVJMTDSXY","LIB-MJ107-D12","LIB00016","12","D",0.03,"ILLUMINA-DNA-PREP","extraction-positive"
"LIB-MJ110-D12_04","12_04",11113150,1678085650,1582677152,1479377549,0.943144,0.881586,151,151,0.563231,7711548,1124508482,1105503088,1056197980,0.983099,0.939253,145,145,0.561236,7843670,318561,381704,377532,14,2891934,0,0.012173,151,"211129_A00595_0124_BHVJMTDSXY","LIB-MJ110-D12","LIB00018","12","D",-0.06,"ILLUMINA-DNA-PREP","extraction-positive"
"LIB-MJ133-D12_03","12_03",18054742,2726266042,2618738911,2464001636,0.960559,0.903801,151,151,0.554289,13907652,2051175234,2018729537,1932694795,0.984182,0.942238,147,147,0.552805,14097648,343982,411064,472704,48,3484342,0,0.0109088,151,"211129_A00595_0124_BHVJMTDSXY","LIB-MJ133-D12","LIB00023","12","D",0.67,"ILLUMINA-DNA-PREP","extraction-positive"
"LIB-MJ134-D12_03","12_03",31884830,4814609330,4598894116,4321302894,0.955196,0.89754,151,151,0.545915,22393784,3247803109,3198460946,3064853699,0.984808,0.94367,144,145,0.538568,22781308,926895,1106429,797618,38,8305866,0,0.0126352,151,"211129_A00595_0124_BHVJMTDSXY","LIB-MJ134-D12","LIB00024","12","D",0.22,"ILLUMINA-DNA-PREP","extraction-positive"
"LIB-MJ135-D12_04","12_04",18501742,2793763042,2668963449,2494936557,0.955329,0.893038,151,151,0.558451,14329172,2127056602,2087993876,1990206056,0.981635,0.935662,148,148,0.559744,14512676,265370,321706,650858,40,3338168,0,0.0102605,151,"211129_A00595_0124_BHVJMTDSXY","LIB-MJ135-D12","LIB00025","12","D",1.12,"ILLUMINA-DNA-PREP","extraction-positive"
"LIB-MJ137-D12_02","12_02",31869936,4812360336,4593962458,4314666666,0.954617,0.89658,151,151,0.548944,22532022,3230192896,3181926373,3051176499,0.985058,0.94458,143,143,0.544656,22883252,1263315,1511387,864330,14,8122340,0,0.0114469,151,"211129_A00595_0124_BHVJMTDSXY","LIB-MJ137-D12","LIB00026","12","D",0.3,"ILLUMINA-DNA-PREP","extraction-positive"
"LIB-MJ177-D12_03","12_03",27049740,4084510740,3946048682,3759447164,0.966101,0.920416,151,151,0.59596,21642112,3211441046,3172531800,3064738885,0.987884,0.954319,148,148,0.598318,22272328,323670,399301,607420,16,4169976,0,0.023738,151,"220318_A00595_0142_AHVH7CDSXY","LIB-MJ177-D12","LIB00048","12","D",0.77,"ILLUMINA-DNA-PREP","extraction-positive"
"LIB-MJ226-D12_01","12_01",39307046,5935363946,5734362043,5451433113,0.966135,0.918467,151,151,0.544465,29851218,4382362772,4328550111,4176564400,0.987721,0.953039,146,146,0.54013,30740868,801286,979913,778584,58,7787536,0,0.0234393,151,"220318_A00595_0142_AHVH7CDSXY","LIB-MJ226-D12","LIB00070","12","D",0.29,"ILLUMINA-DNA-PREP","extraction-positive"
"LIB-MJ227-D12_02","12_02",33361526,5037590426,4879994684,4666011684,0.968716,0.926239,151,151,0.558258,25031338,3665856329,3627747223,3517140939,0.989604,0.959432,146,146,0.55566,26281762,713171,888825,546810,6,6532948,0,0.0387242,151,"220318_A00595_0142_AHVH7CDSXY","LIB-MJ227-D12","LIB00071","12","D",0.25,"ILLUMINA-DNA-PREP","extraction-positive"
"LIB-MJ228-D12_01","12_01",29253774,4417319874,4251005479,4001091009,0.962349,0.905773,151,151,0.568067,20885114,3050358624,2997192506,2860711362,0.982571,0.937828,145,146,0.569376,21440732,1248193,1592378,476586,44,7336412,0,0.0198806,151,"220318_A00595_0142_AHVH7CDSXY","LIB-MJ228-D12","LIB00072","12","D",0.18,"ILLUMINA-DNA-PREP","extraction-positive"
"LIB-MJ230-D12_03","12_03",32924754,4971637854,4813059417,4590541058,0.968103,0.923346,151,151,0.554333,24773508,3638065886,3596684243,3478279006,0.988625,0.956079,146,146,0.549593,25593572,562312,687324,562992,26,6768164,0,0.0258382,151,"220318_A00595_0142_AHVH7CDSXY","LIB-MJ230-D12","LIB00074","12","D",0.29,"ILLUMINA-DNA-PREP","extraction-positive"
"LIB-MJ231-D12_04","12_04",30138608,4550929808,4399222587,4187048142,0.966665,0.920042,151,151,0.570559,23167610,3419695397,3377346225,3260221465,0.987616,0.953366,147,147,0.569263,23890742,416575,514326,604966,12,5642888,0,0.0247558,151,"220318_A00595_0142_AHVH7CDSXY","LIB-MJ231-D12","LIB00075","12","D",0.32,"ILLUMINA-DNA-PREP","extraction-positive"
"LIB-MJ251-D12_04","12_04",8491006,1282141906,1232902504,1162822467,0.961596,0.906937,151,151,0.571228,5607808,803685949,790878802,757558058,0.984064,0.942605,142,143,0.573832,5757076,494096,630437,115682,0,2618248,0,0.0185707,151,"220318_A00595_0142_AHVH7CDSXY","LIB-MJ251-D12","LIB00077","12","D",0.04,"ILLUMINA-DNA-PREP","extraction-positive"
"LIB-MJ252-D12_02","12_02",48318782,7296136082,7023958186,6625948273,0.962696,0.908145,151,151,0.556374,32796400,4704258589,4630356229,4432075573,0.98429,0.942141,143,143,0.555483,34371472,2696881,3444002,624594,2,13322714,0,0.0342812,151,"220318_A00595_0142_AHVH7CDSXY","LIB-MJ252-D12","LIB00078","12","D",0.19,"ILLUMINA-DNA-PREP","extraction-positive"
"LIB-MJ145-D12_01","12_01",17799194,2687678294,2538527132,2388689320,0.944506,0.888756,151,151,0.586764,9625938,1364996518,1346141628,1295220701,0.986187,0.948882,141,141,0.585575,9860150,618128,786744,332866,22,7606156,0,0.0136977,151,"220324_A00595_0144_AHGKYMDSX3","LIB-MJ145-D12","LIB00030","12","D",0.12,"ILLUMINA-DNA-PREP","extraction-positive"
"LIB-MJ146-D12_01","12_01",29143388,4400651588,4220289083,3975280982,0.959015,0.903339,151,151,0.57164,21974290,3238885470,3188187867,3055321719,0.984347,0.943325,147,147,0.572401,22469184,726212,932709,696908,110,5977186,0,0.0177476,151,"220324_A00595_0144_AHGKYMDSX3","LIB-MJ146-D12","LIB00031","12","D",0.96,"ILLUMINA-DNA-PREP","extraction-positive"
"LIB-MJ147-D12_02","12_02",30010734,4531620834,4288899015,4038693242,0.946438,0.891225,151,151,0.57645,17054734,2413225383,2379493578,2288634444,0.986022,0.948372,141,141,0.571352,17486798,1101033,1412982,539370,44,11984522,0,0.0150046,151,"220324_A00595_0144_AHGKYMDSX3","LIB-MJ147-D12","LIB00032","12","D",0.14,"ILLUMINA-DNA-PREP","extraction-positive"
"LIB-MJ148-D12_02","12_02",34347826,5186521726,4967725570,4683906638,0.957814,0.903092,151,151,0.564932,24432502,3560315107,3507015626,3365521117,0.98503,0.945287,145,145,0.563842,24997486,1127976,1452913,711462,80,8638798,0,0.0174387,151,"220324_A00595_0144_AHGKYMDSX3","LIB-MJ148-D12","LIB00033","12","D",0.61,"ILLUMINA-DNA-PREP","extraction-positive"
"LIB-MJ149-D12_03","12_03",54054662,8162253962,7854605993,7448817722,0.962308,0.912593,151,151,0.567395,34883344,4965370973,4902168709,4727301376,0.987271,0.952054,142,142,0.569763,36011396,1828883,2356101,676052,102,17367112,0,0.0233007,151,"220324_A00595_0144_AHGKYMDSX3","LIB-MJ149-D12","LIB00034","12","D",0.23,"ILLUMINA-DNA-PREP","extraction-positive"
"LIB-MJ150-D12_03","12_03",21911846,3308688746,3164987684,2982084367,0.956569,0.901289,151,151,0.57998,16796356,2485706304,2446672858,2345671434,0.984297,0.943664,148,147,0.580593,17102108,381659,492148,590706,96,4218936,0,0.0143022,151,"220324_A00595_0144_AHGKYMDSX3","LIB-MJ150-D12","LIB00035","12","D",1.26,"ILLUMINA-DNA-PREP","extraction-positive"
"LIB-MJ151-D12_04","12_04",49372984,7455320584,7237303848,6919963866,0.970757,0.928191,151,151,0.559689,38189762,5606208954,5542949042,5363417979,0.988716,0.956692,146,146,0.559114,39283860,1109184,1419306,497654,158,9591312,0,0.0232833,151,"220324_A00595_0144_AHGKYMDSX3","LIB-MJ151-D12","LIB00036","12","D",0.3,"ILLUMINA-DNA-PREP","extraction-positive"
"LIB-MJ171-D12_04","12_04",24067866,3634247766,3482138594,3325357249,0.958146,0.915006,151,151,0.569421,16158728,2315315272,2291834756,2224381740,0.989859,0.960725,143,143,0.566342,16525888,717316,917832,274520,36,7267422,0,0.0156625,151,"220324_A00595_0144_AHGKYMDSX3","LIB-MJ171-D12","LIB00042","12","D",0.14,"ILLUMINA-DNA-PREP","extraction-positive"
"LIB-MJ138-D12_03","12_03",34542662,5215941962,5019661047,4735560413,0.962369,0.907901,151,151,0.546754,27522616,4072281837,4008827132,3841941667,0.984418,0.943437,148,147,0.547383,28341256,962499,1204403,855772,2,5345632,0,0.0244019,151,"220401_A00595_0148_AHGL7FDSX3","LIB-MJ138-D12","LIB00027","12","D",1.12,"ILLUMINA-DNA-PREP","extraction-positive"
"LIB-MJ166-D12_01","12_01",21800196,3291829596,3135143614,2908139064,0.952402,0.883442,151,151,0.531999,16334472,2410939054,2353017501,2218363621,0.975976,0.920124,146,148,0.532531,16569320,680728,903098,565120,2,4665754,0,0.0112237,1,"220401_A00595_0148_AHGL7FDSX3","LIB-MJ166-D12","LIB00037","12","D",0.98,"ILLUMINA-DNA-PREP","extraction-positive"
"LIB-MJ167-D12_02","12_02",24364252,3679002052,3521887416,3311056077,0.957294,0.899988,151,151,0.554388,18625968,2728787748,2684410846,2567682055,0.983738,0.940961,146,146,0.555603,19014304,847257,1073366,646648,2,4703298,0,0.0163256,151,"220401_A00595_0148_AHGL7FDSX3","LIB-MJ167-D12","LIB00038","12","D",1.07,"ILLUMINA-DNA-PREP","extraction-positive"
"LIB-MJ168-D12_02","12_02",4131768,623896968,591718401,552098611,0.948423,0.88492,151,151,0.564348,2190240,311097778,305238708,290731593,0.981166,0.934534,141,142,0.567017,2231098,200786,264388,74616,0,1826054,0,0.0106748,44,"220401_A00595_0148_AHGL7FDSX3","LIB-MJ168-D12","LIB00039","12","D",0.06,"ILLUMINA-DNA-PREP","extraction-positive"
"LIB-MJ170-D12_03","12_03",5514938,832755638,793496873,744075401,0.952857,0.89351,151,151,0.576999,3116942,439717492,432523737,413884493,0.98364,0.941251,140,141,0.580651,3200752,267523,346743,87814,0,2226372,0,0.0163817,44,"220401_A00595_0148_AHGL7FDSX3","LIB-MJ170-D12","LIB00041","12","D",0.05,"ILLUMINA-DNA-PREP","extraction-positive"
"LIB-MJ172-D12_04","12_04",40341138,6091511838,5824817129,5431500515,0.956219,0.891651,151,151,0.545389,30947606,4573589103,4472483053,4232159333,0.977893,0.925348,147,148,0.545689,31663290,1196365,1560267,871562,2,7806284,0,0.0183365,151,"220401_A00595_0148_AHGL7FDSX3","LIB-MJ172-D12","LIB00043","12","D",0.48,"ILLUMINA-DNA-PREP","extraction-positive"
"LIB-MJ191-D12_04","12_04",37537416,5668149816,5421580291,5108635268,0.956499,0.901288,151,151,0.543368,27476090,3995950407,3934900701,3772076839,0.984722,0.943975,145,145,0.540374,28220710,1538747,1947742,850794,2,8465910,0,0.0203288,151,"220401_A00595_0148_AHGL7FDSX3","LIB-MJ191-D12","LIB00050","12","D",0.2,"ILLUMINA-DNA-PREP","extraction-positive"
"LIB-MJ195-D12_01","12_01",14686252,2217624052,2108266771,1972220415,0.950687,0.889339,151,151,0.567545,9876544,1440073891,1414608527,1349274981,0.982317,0.936948,145,145,0.565202,10108612,439646,557360,396246,0,4181394,0,0.0162726,151,"220401_A00595_0148_AHGL7FDSX3","LIB-MJ195-D12","LIB00054","12","D",0.1,"ILLUMINA-DNA-PREP","extraction-positive"
"LIB-MJ173-D12_01","12_01",17662656,2667061056,2527618979,2355010857,0.947717,0.882998,151,151,0.547309,12786892,1878417452,1841273239,1749900843,0.980226,0.931583,147,146,0.546347,13032234,522622,665651,611834,32,4018556,0,0.0142532,151,"220429_A00595_0154_BHHCM7DSX3","LIB-MJ173-D12","LIB00044","12","D",0.52,"ILLUMINA-DNA-PREP","extraction-positive"
"LIB-MJ174-D12_01","12_01",20844410,3147505910,2974205088,2741894327,0.94494,0.871132,151,151,0.563372,14672846,2155426967,2096862632,1966770619,0.972829,0.912474,146,147,0.565245,14889220,766525,1019292,571784,40,5383366,0,0.010825,1,"220429_A00595_0154_BHHCM7DSX3","LIB-MJ174-D12","LIB00045","12","D",0.52,"ILLUMINA-DNA-PREP","extraction-positive"
"LIB-MJ175-D12_02","12_02",22005490,3322828990,3135394555,2905557108,0.943592,0.874423,151,151,0.574867,16068698,2376028951,2325326308,2204508669,0.978661,0.927812,148,147,0.578084,16309904,507331,647272,1000336,50,4695200,0,0.0112609,151,"220429_A00595_0154_BHHCM7DSX3","LIB-MJ175-D12","LIB00046","12","D",1.36,"ILLUMINA-DNA-PREP","extraction-positive"
"LIB-MJ176-D12_03","12_03",25044268,3781684468,3592174700,3334715429,0.949887,0.881807,151,151,0.554057,17494342,2549206883,2489777873,2350286557,0.976687,0.921968,145,146,0.55502,17800522,1457448,1926360,576838,62,6666846,0,0.0128049,151,"220429_A00595_0154_BHHCM7DSX3","LIB-MJ176-D12","LIB00047","12","D",0.29,"ILLUMINA-DNA-PREP","extraction-positive"
"LIB-MJ190-D12_02","12_02",27956394,4221415494,3998596716,3709807755,0.947217,0.878807,151,151,0.54359,17896216,2580139584,2520379314,2379415412,0.976838,0.922204,143,144,0.540196,18204924,1959012,2609512,589826,24,9161620,0,0.0116752,151,"220429_A00595_0154_BHHCM7DSX3","LIB-MJ190-D12","LIB00049","12","D",0.21,"ILLUMINA-DNA-PREP","extraction-positive"
"LIB-MJ192-D12_04","12_04",25239860,3811218860,3633096562,3386160908,0.953264,0.888472,151,151,0.57215,17630420,2564406057,2508494688,2375453495,0.978197,0.926317,144,146,0.575335,17937266,1822793,2404987,526020,40,6776534,0,0.012719,151,"220429_A00595_0154_BHHCM7DSX3","LIB-MJ192-D12","LIB00051","12","D",0.51,"ILLUMINA-DNA-PREP","extraction-positive"
"LIB-MJ194-D12_04","12_04",30339222,4581222522,4360376061,4098337588,0.951793,0.894595,151,151,0.573382,19870954,2869526723,2824431049,2705920048,0.984285,0.942985,144,144,0.570452,20339284,1170813,1469761,709400,48,9290490,0,0.0159651,151,"220429_A00595_0154_BHHCM7DSX3","LIB-MJ194-D12","LIB00053","12","D",0.21,"ILLUMINA-DNA-PREP","extraction-positive"
"LIB-MJ197-D12_03","12_03",19480874,2941611974,2796810808,2621048623,0.950775,0.891025,151,151,0.549418,13178116,1912058132,1879015078,1794253719,0.982719,0.938389,145,145,0.543957,13519466,712182,910521,484796,40,5476572,0,0.0180778,151,"220429_A00595_0154_BHHCM7DSX3","LIB-MJ197-D12","LIB00056","12","D",0.12,"ILLUMINA-DNA-PREP","extraction-positive"
"LIB-MJ140-D12_02","12_02",37848380,5715105380,5514750180,5223771467,0.964943,0.914029,151,151,0.571321,30724048,4550622045,4485175033,4311271409,0.985618,0.947403,148,148,0.573308,31634898,1070058,1347305,843928,144,5369410,0,0.0246792,151,"220506_A00595_0156_BHH5G2DSX3","LIB-MJ140-D12","LIB00029","12","D",1.6,"ILLUMINA-DNA-PREP","extraction-positive"
"LIB-MJ169-D12_01","12_01",24398512,3684175312,3545167962,3360399062,0.962269,0.912117,151,151,0.578629,19111840,2828217939,2787975357,2681686551,0.985771,0.948189,148,147,0.579819,19705584,414609,525853,559438,70,4133420,0,0.0247522,151,"220506_A00595_0156_BHH5G2DSX3","LIB-MJ169-D12","LIB00040","12","D",0.52,"ILLUMINA-DNA-PREP","extraction-positive"
"LIB-MJ193-D12_01","12_01",8808954,1330152054,1263358299,1185022355,0.949785,0.890892,151,151,0.582184,4475108,616153903,606497158,581693375,0.984327,0.944072,137,138,0.597778,4592390,519623,676624,113402,8,4103154,0,0.0142827,74,"220506_A00595_0156_BHH5G2DSX3","LIB-MJ193-D12","LIB00052","12","D",0.07,"ILLUMINA-DNA-PREP","extraction-positive"
"LIB-MJ196-D12_02","12_02",14826660,2238825660,2144330808,2025222985,0.957793,0.904592,151,151,0.565543,10795078,1582060106,1558830460,1497307140,0.985317,0.946429,146,146,0.563558,11095620,361017,456587,341942,52,3389046,0,0.0207212,151,"220506_A00595_0156_BHH5G2DSX3","LIB-MJ196-D12","LIB00055","12","D",0.12,"ILLUMINA-DNA-PREP","extraction-positive"
"LIB-MJ198-D12_03","12_03",19235434,2904550534,2779119384,2599918580,0.956816,0.895119,151,151,0.543029,13669324,1995721116,1954714397,1854811208,0.979453,0.929394,145,146,0.539866,14041080,878459,1144791,316230,46,4878078,0,0.0200765,151,"220506_A00595_0156_BHH5G2DSX3","LIB-MJ198-D12","LIB00057","12","D",0.14,"ILLUMINA-DNA-PREP","extraction-positive"
"LIB-MJ199-D12_04","12_04",28423658,4291972358,4114637154,3858193684,0.958682,0.898933,151,151,0.608993,21334338,3145783966,3081702125,2929581331,0.979629,0.931272,146,148,0.614212,21969658,1161202,1520047,512238,168,5941594,0,0.0230495,151,"220506_A00595_0156_BHH5G2DSX3","LIB-MJ199-D12","LIB00058","12","D",0.31,"ILLUMINA-DNA-PREP","extraction-positive"
"LIB-MJ200-D12_04","12_04",14365392,2169174192,2072248717,1961984101,0.955317,0.904484,151,151,0.554601,9153270,1313491855,1296104113,1248892902,0.986762,0.950819,143,143,0.543894,9450500,528588,664580,234944,30,4679918,0,0.0213143,151,"220506_A00595_0156_BHH5G2DSX3","LIB-MJ200-D12","LIB00059","12","D",0.1,"ILLUMINA-DNA-PREP","extraction-positive"
"LIB-MJ201-D12_03","12_03",31273018,4722225718,4542878244,4306216768,0.962021,0.911904,151,151,0.604385,23712672,3497844521,3449467353,3321731567,0.986169,0.949651,147,147,0.607957,24518354,596799,753583,713716,234,6040714,0,0.0263267,151,"220506_A00595_0156_BHH5G2DSX3","LIB-MJ201-D12","LIB00060","12","D",0.22,"ILLUMINA-DNA-PREP","extraction-positive"
"LIB-MJ213-D12_01","12_01",28647018,4325699718,4164061350,3930260671,0.962633,0.908584,151,151,0.539088,19463142,2805747078,2762186817,2647279115,0.984475,0.94352,143,144,0.534738,20230362,1227790,1561929,457030,4,7959622,0,0.028935,151,"220601_A00595_0164_BHKNK7DSX3","LIB-MJ213-D12","LIB00064","12","D",0.17,"ILLUMINA-DNA-PREP","extraction-positive"
"LIB-MJ214-D12_02","12_02",37814034,5709919134,5508653320,5206487798,0.964752,0.911832,151,151,0.554502,27924944,4095083340,4031300246,3862974241,0.984424,0.94332,146,146,0.554645,29038428,1047511,1329325,652780,10,8122816,0,0.0311623,151,"220601_A00595_0164_BHKNK7DSX3","LIB-MJ214-D12","LIB00065","12","D",0.4,"ILLUMINA-DNA-PREP","extraction-positive"
"LIB-MJ215-D12_01","12_01",35256264,5323695864,5104001521,4827205048,0.958733,0.906739,151,151,0.560216,23675996,3430713835,3383944040,3256531129,0.986367,0.949228,144,144,0.553076,24586128,1001107,1230082,710462,22,9959652,0,0.0270059,151,"220601_A00595_0164_BHKNK7DSX3","LIB-MJ215-D12","LIB00066","12","D",0.2,"ILLUMINA-DNA-PREP","extraction-positive"
"LIB-MJ216-D12_02","12_02",30480876,4602612276,4429595892,4204736187,0.962409,0.913554,151,151,0.565541,21442552,3123053616,3083698334,2974459703,0.987398,0.95242,145,145,0.562339,22356504,740921,913382,581372,4,7542996,0,0.031183,151,"220601_A00595_0164_BHKNK7DSX3","LIB-MJ216-D12","LIB00067","12","D",0.19,"ILLUMINA-DNA-PREP","extraction-positive"
"LIB-MJ217-D12_03","12_03",43184412,6520846212,6282796963,5967329256,0.963494,0.915116,151,151,0.570612,30723736,4482403892,4426349719,4270793435,0.987495,0.952791,145,145,0.566543,31842108,956332,1167851,852728,8,10489568,0,0.0270303,151,"220601_A00595_0164_BHKNK7DSX3","LIB-MJ217-D12","LIB00068","12","D",0.26,"ILLUMINA-DNA-PREP","extraction-positive"
"LIB-MJ218-D12_04","12_04",29110800,4395730800,4209371672,3970900083,0.957605,0.903354,151,151,0.572834,20583512,3008436482,2962987369,2843773127,0.984893,0.945266,146,146,0.569678,21133362,745710,924725,679384,22,7298032,0,0.0196108,151,"220601_A00595_0164_BHKNK7DSX3","LIB-MJ218-D12","LIB00069","12","D",0.33,"ILLUMINA-DNA-PREP","extraction-positive"
"LIB-MJ229-D12_03","12_03",24973718,3771031418,3640617572,3452974405,0.965417,0.915658,151,151,0.579125,16508634,2386414229,2354692982,2268224340,0.986708,0.950474,144,144,0.583746,17148860,814311,1022267,372762,0,7452096,0,0.0280231,151,"220601_A00595_0164_BHKNK7DSX3","LIB-MJ229-D12","LIB00073","12","D",0.12,"ILLUMINA-DNA-PREP","extraction-positive"
"LIB-MJ250-D12_04","12_04",21004148,3171626348,3037690221,2843586679,0.957771,0.896571,151,151,0.567528,16082456,2379773090,2332175068,2217061109,0.979999,0.931627,147,148,0.569705,16424524,482568,625114,500540,8,4079076,0,0.0170616,151,"220601_A00595_0164_BHKNK7DSX3","LIB-MJ250-D12","LIB00076","12","D",1.23,"ILLUMINA-DNA-PREP","extraction-positive"
"LIB-MJ281-D12_01","12_01",36456382,5504913682,5321271637,5058993341,0.96664,0.918996,151,151,0.569402,26758184,3926066884,3876274075,3740321056,0.987317,0.952689,146,146,0.569653,27899062,771353,953038,714686,80,7842554,0,0.0332376,151,"220607_A00595_0166_BHKNKHDSX3","LIB-MJ281-D12","LIB00092","12","D",0.26,"ILLUMINA-DNA-PREP","extraction-positive"
"LIB-MJ301-D12_01","12_01",30398560,4590182560,4422093419,4200147114,0.963381,0.915028,151,151,0.571797,23734706,3507906056,3461566365,3336120199,0.98679,0.951029,147,147,0.573172,24463450,489105,609398,734690,84,5200336,0,0.0244878,151,"220607_A00595_0166_BHKNKHDSX3","LIB-MJ301-D12","LIB00096","12","D",0.56945,"ILLUMINA-DNA-PREP","extraction-positive"
"LIB-MJ139-D12_01","12_01",23993280,3622985280,3482317464,3296001424,0.961174,0.909747,151,151,0.564884,16670372,2389159299,2358024485,2271038855,0.986968,0.95056,143,143,0.564161,17288768,759144,925547,463856,20,6240636,0,0.0269216,151,"220613_A00595_0168_BHKNMYDSX3","LIB-MJ139-D12","LIB00028","12","D",0.33,"ILLUMINA-DNA-PREP","extraction-positive"
"LIB-MJ253-D12_01","12_01",3714678,560916378,535006232,503355078,0.953807,0.89738,151,151,0.5585,1415562,189025769,186709926,180033326,0.987749,0.952427,133,133,0.542225,1482270,102547,124210,43082,0,2189326,0,0.0234244,44,"220613_A00595_0168_BHKNMYDSX3","LIB-MJ253-D12","LIB00079","12","D",0.04,"ILLUMINA-DNA-PREP","extraction-positive"
"LIB-MJ254-D12_02","12_02",32561046,4916717946,4780372967,4563851196,0.972269,0.928231,151,151,0.589459,23918370,3520183714,3479368113,3361791113,0.988405,0.955004,147,147,0.592862,25957438,478086,584762,468146,94,6135368,0,0.0659721,151,"220613_A00595_0168_BHKNMYDSX3","LIB-MJ254-D12","LIB00080","12","D",0.14,"ILLUMINA-DNA-PREP","extraction-positive"
"LIB-MJ255-D12_02","12_02",21863738,3301424438,3190700008,3042484977,0.966462,0.921567,151,151,0.589422,14947858,2180305907,2156761719,2088146006,0.989201,0.957731,145,145,0.589732,16036216,381810,462808,348336,32,5479154,0,0.0517977,151,"220613_A00595_0168_BHKNMYDSX3","LIB-MJ255-D12","LIB00081","12","D",0.12,"ILLUMINA-DNA-PREP","extraction-positive"
"LIB-MJ256-D12_03","12_03",136954,20680054,19560384,18447374,0.945857,0.892037,151,151,0.592949,46732,6372687,6309884,6121502,0.990145,0.960584,136,136,0.583906,49374,2711,3253,1964,0,85616,0,0.0220512,44,"220613_A00595_0168_BHKNMYDSX3","LIB-MJ256-D12","LIB00082","12","D",0.03,"ILLUMINA-DNA-PREP","extraction-positive"
"LIB-MJ259-D12_04","12_04",24839732,3750799532,3619864044,3445533268,0.965091,0.918613,151,151,0.570869,17282688,2509538263,2480354570,2397051767,0.988371,0.955176,145,145,0.568049,18392108,667145,810048,381782,70,6065772,0,0.0462499,151,"220613_A00595_0168_BHKNMYDSX3","LIB-MJ259-D12","LIB00085","12","D",0.1,"ILLUMINA-DNA-PREP","extraction-positive"
"LIB-MJ262-D12_03","12_03",29686976,4482733376,4341450597,4133140765,0.968483,0.922014,151,151,0.592607,20646274,3005910282,2970753821,2870395474,0.988304,0.954917,145,145,0.596411,22065210,511253,620489,539194,80,7082492,0,0.051344,151,"220613_A00595_0168_BHKNMYDSX3","LIB-MJ262-D12","LIB00088","12","D",0.19,"ILLUMINA-DNA-PREP","extraction-positive"
"LIB-MJ263-D12_04","12_04",11229106,1695595006,1636902571,1554128089,0.965385,0.916568,151,151,0.551935,6656288,951218165,939613763,906422070,0.9878,0.952907,142,142,0.543585,7120598,307790,377104,127864,22,3980622,0,0.0464327,151,"220613_A00595_0168_BHKNMYDSX3","LIB-MJ263-D12","LIB00089","12","D",0.07,"ILLUMINA-DNA-PREP","extraction-positive"
"LIB-MJ260-D12_01","12_01",43231840,6528007840,6282903836,5980757654,0.962453,0.916169,151,151,0.59608,30341000,4409426292,4357782730,4213289166,0.988288,0.955519,145,145,0.599624,32123612,1036806,1298335,794054,76,10314098,0,0.0425161,151,"220627_A00595_0174_BHMV5KDSX3","LIB-MJ260-D12","LIB00086","12","D",0.18,"ILLUMINA-DNA-PREP","extraction-positive"
"LIB-MJ261-D12_01","12_01",10413184,1572390784,1470601957,1394382597,0.935265,0.886791,151,151,0.578223,4247570,560298598,554958309,539289229,0.990469,0.962503,131,131,0.577774,4449214,268739,335103,145326,0,5818644,0,0.020214,151,"220627_A00595_0174_BHMV5KDSX3","LIB-MJ261-D12","LIB00087","12","D",0.05,"ILLUMINA-DNA-PREP","extraction-positive"
"LIB-MJ279-D12_02","12_02",27814806,4200035706,4049527061,3812473999,0.964165,0.907724,151,151,0.567009,21271972,3131760307,3077140222,2932840400,0.982559,0.936483,146,147,0.568417,22293552,962316,1221617,450288,68,5070898,0,0.0381077,231,"220627_A00595_0174_BHMV5KDSX3","LIB-MJ279-D12","LIB00090","12","D",1.3,"ILLUMINA-DNA-PREP","extraction-positive"
"LIB-MJ280-D12_02","12_02",26273998,3967373698,3819965060,3626797867,0.962845,0.914156,151,151,0.56434,17189400,2476621229,2446676437,2361686252,0.987909,0.953592,144,144,0.562158,18098604,575604,717843,470148,48,7705198,0,0.0381265,151,"220627_A00595_0174_BHMV5KDSX3","LIB-MJ280-D12","LIB00091","12","D",0.93,"ILLUMINA-DNA-PREP","extraction-positive"
"LIB-MJ282-D12_03","12_03",30738912,4641575712,4439891227,4145551281,0.956548,0.893134,151,151,0.555758,21211444,3104075333,3041236822,2883045541,0.979756,0.928794,145,146,0.553512,21966138,1126560,1435525,644692,70,8128012,0,0.0259672,151,"220627_A00595_0174_BHMV5KDSX3","LIB-MJ282-D12","LIB00093","12","D",0.33219,"ILLUMINA-DNA-PREP","extraction-positive"
"LIB-MJ305-D12_04","12_04",19541156,2950714556,2827385374,2660849309,0.958204,0.901764,151,151,0.533658,14892576,2206195567,2170262357,2076049486,0.983713,0.941009,148,147,0.530054,15478232,284445,356550,546518,88,3516318,0,0.0306783,151,"220627_A00595_0174_BHMV5KDSX3","LIB-MJ305-D12","LIB00094","12","D",0.55857,"ILLUMINA-DNA-PREP","extraction-positive"
"LIB-MJ306-D12_01","12_01",25238480,3811010480,3652076980,3441949352,0.958296,0.903159,151,151,0.6223,18250846,2692217474,2651080567,2543100193,0.98472,0.944612,147,147,0.628707,18893106,446473,567614,610676,52,5734646,0,0.0269461,151,"220721_A00595_0179_AHMTTHDSX3","LIB-MJ306-D12","LIB00083","12","D",0.44486,"ILLUMINA-DNA-PREP","extraction-positive"
"LIB-MJ307-D12_01","12_01",24644894,3721378994,3551404983,3335238032,0.954325,0.896237,151,151,0.625004,18413724,2731550977,2686595284,2570500562,0.983542,0.941041,148,148,0.629374,19056344,337089,432020,775140,66,4813344,0,0.0267519,151,"220721_A00595_0179_AHMTTHDSX3","LIB-MJ307-D12","LIB00084","12","D",0.48689,"ILLUMINA-DNA-PREP","extraction-positive"
"LIB-MJ334-D12_01","12_01",22906468,3458876668,3295297057,3076318899,0.952707,0.889398,151,151,0.568448,17439106,2588092815,2538956222,2415271345,0.981014,0.933224,148,148,0.568739,17828254,316119,404588,754656,16,4323542,0,0.0174202,151,"220802_A00595_0182_BHMTY7DSX3","LIB-MJ334-D12","LIB00095","12","D",0.76748,"ILLUMINA-DNA-PREP","extraction-positive"
"LIB-MJ336-D12_02","12_02",22732800,3432652800,3291112438,3094145590,0.958766,0.901386,151,151,0.579546,17984420,2678976922,2634407913,2517673541,0.983363,0.939789,149,148,0.580782,18473580,188023,242536,653794,18,3605408,0,0.0220283,151,"220802_A00595_0182_BHMTY7DSX3","LIB-MJ336-D12","LIB00099","12","D",1.38651,"ILLUMINA-DNA-PREP","extraction-positive"
"LIB-MJ337-D12_03","12_03",38840534,5864920634,5615276918,5287301515,0.957434,0.901513,151,151,0.561719,29720302,4407869370,4337092611,4151752806,0.983943,0.941896,148,148,0.56196,30793554,428774,545751,1086964,28,6959988,0,0.0282557,151,"220802_A00595_0182_BHMTY7DSX3","LIB-MJ337-D12","LIB00100","12","D",0.75258,"ILLUMINA-DNA-PREP","extraction-positive"
"LIB-MJ338-D12_04","12_04",22653540,3420684540,3258032455,3044527681,0.95245,0.890035,151,151,0.545841,17040350,2523995343,2475963476,2355506700,0.98097,0.933245,148,147,0.544761,17506634,265124,340437,715738,26,4431142,0,0.0211018,151,"220802_A00595_0182_BHMTY7DSX3","LIB-MJ338-D12","LIB00101","12","D",0.50144,"ILLUMINA-DNA-PREP","extraction-positive"
"LIB-MJ339-D12_03","12_03",17768422,2683031722,2586881759,2451052915,0.964164,0.913539,151,151,0.548052,12291340,1786123039,1762082705,1695407524,0.98654,0.949211,145,145,0.54228,12752454,403096,504527,297596,14,4718358,0,0.0284663,151,"220802_A00595_0182_BHMTY7DSX3","LIB-MJ339-D12","LIB00102","12","D",0.28417,"ILLUMINA-DNA-PREP","extraction-positive"
"LIB-MJ342-D12_02","12_02",27369938,4132860638,3979919716,3752347066,0.962994,0.90793,151,151,0.553103,21158854,3133243112,3083271863,2949977556,0.984051,0.941509,148,148,0.552073,21824402,325089,413881,602070,34,4943432,0,0.025537,151,"220802_A00595_0182_BHMTY7DSX3","LIB-MJ342-D12","LIB00105","12","D",0.86196,"ILLUMINA-DNA-PREP","extraction-positive"
"LIB-MJ343-D12_01","12_01",31072434,4691937534,4507915903,4233698688,0.960779,0.902335,151,151,0.552822,23975162,3550573984,3488422633,3326519577,0.982495,0.936896,148,148,0.553103,24773522,509305,647618,691122,20,5607770,0,0.0268323,151,"220802_A00595_0182_BHMTY7DSX3","LIB-MJ343-D12","LIB00106","12","D",0.84703,"ILLUMINA-DNA-PREP","extraction-positive"
"LIB-MJ344-D12_04","12_04",39096362,5903550662,5683813662,5355272558,0.962779,0.907127,151,151,0.570648,30732026,4563787286,4488380271,4290427602,0.983477,0.940102,148,148,0.572425,32038308,482864,617309,849408,42,6208604,0,0.0346489,151,"220802_A00595_0182_BHMTY7DSX3","LIB-MJ344-D12","LIB00107","12","D",1.34092,"ILLUMINA-DNA-PREP","extraction-positive"
"LIB-MJ340-D12_01","12_01",14161236,2138346636,2003680855,1834519654,0.937023,0.857915,151,151,0.558953,9130708,1333838965,1300098696,1219924099,0.974704,0.914596,146,146,0.558822,9318490,481837,621158,609856,12,4232878,0,0.0142756,151,"220812_A00595_0185_AHVYLFDSX3","LIB-MJ340-D12","LIB00103","12","D",0.90081,"ILLUMINA-DNA-PREP","extraction-positive"
"LIB-MJ341-D12_02","12_02",18063466,2727583366,2551918031,2330821513,0.935597,0.854537,151,151,0.567102,11738042,1716100439,1671561134,1565426636,0.974046,0.9122,146,146,0.569133,11965498,699051,904860,805284,14,5292670,0,0.0135015,151,"220812_A00595_0185_AHVYLFDSX3","LIB-MJ341-D12","LIB00104","12","D",0.52076,"ILLUMINA-DNA-PREP","extraction-positive"
"LIB-MJ345-D12_01","12_01",25658316,3874405716,3662529618,3375422237,0.945314,0.87121,151,151,0.552403,17051110,2476659900,2417395832,2273253282,0.976071,0.917871,144,145,0.552986,17558838,1137429,1479983,749408,6,7350064,0,0.0214085,151,"220812_A00595_0185_AHVYLFDSX3","LIB-MJ345-D12","LIB00108","12","D",0.58413,"ILLUMINA-DNA-PREP","extraction-positive"
"LIB-MJ346-D12_02","12_02",30933622,4670976922,4399231872,4032304014,0.941823,0.863268,151,151,0.556261,21250190,3117217017,3036301995,2842833623,0.974043,0.911978,146,147,0.558645,21756820,1287490,1676312,1068294,16,8108492,0,0.0174794,151,"220812_A00595_0185_AHVYLFDSX3","LIB-MJ346-D12","LIB00109","12","D",0.79863,"ILLUMINA-DNA-PREP","extraction-positive"
"LIB-MJ347-D12_04","12_04",12931434,1952646534,1812816217,1646669703,0.928389,0.843301,151,151,0.591754,8424498,1237729731,1203584476,1123979199,0.972413,0.908097,146,147,0.597392,8531430,464768,603680,723242,2,3676760,0,0.00857693,151,"220812_A00595_0185_AHVYLFDSX3","LIB-MJ347-D12","LIB00110","12","D",1.37,"ILLUMINA-DNA-PREP","extraction-positive"
"LIB-MJ352-D12_03","12_03",16043606,2422584506,2240323406,2026361123,0.924766,0.836446,151,151,0.582525,10201908,1498779001,1455749264,1355985992,0.97129,0.904727,146,146,0.587223,10312646,557469,722089,990940,4,4740016,0,0.00719028,151,"220812_A00595_0185_AHVYLFDSX3","LIB-MJ352-D12","LIB00111","12","D",1.45,"ILLUMINA-DNA-PREP","extraction-positive"
"LIB-MJ353-D12_03","12_03",12943558,1954477258,1820111493,1652540289,0.931252,0.845515,151,151,0.566912,8148946,1190573259,1157100492,1078753797,0.971885,0.906079,146,146,0.568858,8248906,524812,680012,637220,16,4057416,0,0.00834979,151,"220812_A00595_0185_AHVYLFDSX3","LIB-MJ353-D12","LIB00112","12","D",1.6,"ILLUMINA-DNA-PREP","extraction-positive"
"LIB-MJ354-D12_04","12_04",15282086,2307594986,2159231196,1967901061,0.935706,0.852793,151,151,0.58866,10507672,1549296374,1507428570,1408958208,0.972976,0.909418,147,147,0.593447,10652852,549138,712860,735142,0,3894092,0,0.0100505,151,"220812_A00595_0185_AHVYLFDSX3","LIB-MJ354-D12","LIB00113","12","D",2.46,"ILLUMINA-DNA-PREP","extraction-positive"
"LIB-MJ382-D12_02","12_02",19519506,2947445406,2802819560,2609690045,0.950932,0.885407,151,151,0.58721,13208432,1935537727,1897356544,1802032359,0.980274,0.931024,146,146,0.587877,13472830,383950,470062,643664,50,5402962,0,0.0145029,151,"230630_A00595_0254_BH5NGYDSX5","LIB-MJ382-D12","LIB00116","12","D",0.13,"metagenome","extraction-positive"
"LIB-MJ383-D12_01","12_01",37393828,5646468028,5378909826,5022929460,0.952615,0.88957,151,151,0.609326,26642872,3925192147,3851321767,3665621944,0.98118,0.933871,147,147,0.612711,27435196,745037,926026,1129890,72,8828670,0,0.0219192,151,"230630_A00595_0254_BH5NGYDSX5","LIB-MJ383-D12","LIB00117","12","D",0.13,"metagenome","extraction-positive"
"LIB-MJ385-D12_04","12_04",26835142,4052106442,3855056845,3585087319,0.951371,0.884747,151,151,0.617148,18586006,2739102644,2683573952,2545519314,0.979727,0.929326,147,147,0.622284,19035724,458889,567642,934244,220,6864954,0,0.0178997,151,"230630_A00595_0254_BH5NGYDSX5","LIB-MJ385-D12","LIB00119","12","D",0.2,"metagenome","extraction-positive"
"LIB-MJ386-D12_04","12_04",18318906,2766154806,2596388981,2395834202,0.938628,0.866124,151,151,0.586875,12243864,1803208021,1762060282,1664153795,0.977181,0.922885,147,146,0.58784,12449816,298998,371100,856262,90,5012738,0,0.011586,151,"230630_A00595_0254_BH5NGYDSX5","LIB-MJ386-D12","LIB00120","12","D",0.21,"metagenome","extraction-positive"
"LIB-MJ389-D12_03","12_03",27323472,4125844272,3907013341,3621245965,0.946961,0.877698,151,151,0.614772,19001942,2805003528,2744327730,2598413665,0.978369,0.92635,147,147,0.619326,19537294,378264,477315,1074046,112,6712020,0,0.0207649,151,"230630_A00595_0254_BH5NGYDSX5","LIB-MJ389-D12","LIB00123","12","D",0.17,"metagenome","extraction-positive"
"LIB-MJ390-D12_03","12_03",40165080,6064927080,5715404732,5311472547,0.94237,0.875769,151,151,0.614067,26603226,3904765648,3826036027,3632480618,0.979838,0.930269,147,146,0.618447,27292852,734108,921900,1496380,158,11375690,0,0.0177043,151,"230630_A00595_0254_BH5NGYDSX5","LIB-MJ390-D12","LIB00097","12","D",0.94,"metagenome","extraction-positive"
"LIB-MJ413-D12_01","12_01",11025090,1664788590,1557033607,1432756471,0.935274,0.860624,151,151,0.588819,7450504,1098117204,1072131873,1011885902,0.976336,0.921473,147,146,0.588435,7550986,156453,197013,542888,4,2931212,0,0.00936283,151,"230630_A00595_0254_BH5NGYDSX5","LIB-MJ413-D12","LIB00098","12","D",1,"metagenome","extraction-positive"
"LIB-MJ380-D12_03","12_03",52243692,7888797492,7491459757,6937553178,0.949633,0.879418,151,151,0.611703,36475932,5357771032,5230657029,4928226423,0.976275,0.919828,146,147,0.617716,37911424,2187845,2871539,1366798,28,12965442,0,0.0285947,151,"230703_A00595_0256_BH5NHYDSX5","LIB-MJ380-D12","LIB00114","12","D",0.22,"metagenome","extraction-positive"
"LIB-MJ381-D12_02","12_02",23849964,3601344564,3408865650,3145451112,0.946554,0.87341,151,151,0.591254,15654374,2283617060,2226119677,2092328944,0.974822,0.916235,145,146,0.597429,15916238,1115427,1467460,687646,8,7246072,0,0.0116342,1,"230703_A00595_0256_BH5NHYDSX5","LIB-MJ381-D12","LIB00115","12","D",0.15,"metagenome","extraction-positive"
"LIB-MJ414-D12_03","12_03",17707728,2673866928,2504126959,2300579073,0.936519,0.860394,151,151,0.584247,11389664,1668761649,1628457881,1534877292,0.975848,0.91977,147,145,0.585002,11665192,317096,398659,878976,10,5163550,0,0.0166757,151,"230703_A00595_0256_BH5NHYDSX5","LIB-MJ414-D12","LIB00125","12","D",0.82,"metagenome","extraction-positive"
"LIB-MJ384-D12_01","12_01",19265740,2909126740,2717893959,2502647534,0.934265,0.860274,151,151,0.609195,10847858,1564223554,1529602227,1446326963,0.977867,0.924629,144,144,0.618231,11170534,848432,1093105,847806,12,7247388,0,0.0178794,151,"230707_A00595_0258_BHWJWWDSX5","LIB-MJ384-D12","LIB00118","12","D",0.13,"metagenome","extraction-positive"
"LIB-MJ044-E12_03","12_03",2936,443336,415031,397697,0.936155,0.897056,151,151,0.844339,84,11292,11122,10701,0.984945,0.947662,134,134,0.450584,92,5,7,26,0,2818,0,0.382834,0,"20003-02","LIB-MJ044-E12","LIB00003","12","E",0.03921,"ILLUMINA-DNA-PREP(OLD)","pcr-negative"
"LIB-MJ048-E12_04","12_04",140,21140,20651,19684,0.976868,0.931126,151,151,0.476064,106,15815,15589,14911,0.98571,0.942839,148,149,0.456276,126,2,2,0,0,14,0,0.142857,247,"20003-02","LIB-MJ048-E12","LIB00005","12","E",-0.01542,"ILLUMINA-DNA-PREP(OLD)","pcr-negative"
"LIB-MJ050-E12_02","12_02",1994,301094,286806,275537,0.952546,0.91512,151,151,0.874541,10,1326,1323,1301,0.997738,0.981146,132,132,0.456259,12,0,0,10,0,1972,0,0.622869,0,"20003-02","LIB-MJ050-E12","LIB00001","12","E",-0.03759,"ILLUMINA-DNA-PREP(OLD)","pcr-negative"
"LIB-MJ051-E12_02","12_02",1380,208380,200051,192187,0.96003,0.922291,151,151,0.744236,304,44420,43945,42499,0.989307,0.956754,145,146,0.447479,362,7,9,14,0,1004,0,0.46087,0,"20003-02","LIB-MJ051-E12","LIB00002","12","E",0.01575,"ILLUMINA-DNA-PREP(OLD)","pcr-negative"
"LIB-MJ054-E12_03","12_03",479426,72393326,70016398,66201705,0.967166,0.914472,151,151,0.4701,368702,54829327,53862966,51383473,0.982375,0.937153,149,148,0.467272,422202,10067,12286,7790,2,49432,0,0.112881,151,"20003-02","LIB-MJ054-E12","LIB00004","12","E",0.01569,"ILLUMINA-DNA-PREP(OLD)","pcr-negative"
"LIB-MJ055-E12_04","12_04",7386,1115286,1072235,1021743,0.961399,0.916126,151,151,0.531521,4506,656679,647678,622784,0.986293,0.948384,145,145,0.468203,5144,197,258,72,0,2170,0,0.124289,0,"20003-02","LIB-MJ055-E12","LIB00006","12","E",0.00903,"ILLUMINA-DNA-PREP(OLD)","pcr-negative"
"LIB-MJ088-E12_04","12_04",1874,282974,259007,246181,0.915303,0.869977,151,151,0.878529,34,5040,4950,4736,0.982143,0.939683,148,148,0.611508,34,2,3,44,0,1796,0,0.00960512,0,"21123-01","LIB-MJ088-E12","LIB00007","12","E",0.02,"ILLUMINA-DNA-PREP","pcr-negative"
"LIB-MJ089-E12_02","12_02",80,12080,11507,10823,0.952566,0.895944,151,151,0.50596,56,8221,8075,7765,0.982241,0.944532,147,146,0.498601,56,2,4,0,0,24,0,0,153,"21123-01","LIB-MJ089-E12","LIB00008","12","E",0.01,"ILLUMINA-DNA-PREP","pcr-negative"
"LIB-MJ090-E12_04","12_04",506,76406,71143,67202,0.931118,0.879538,151,151,0.738214,112,16168,15986,15364,0.988743,0.950272,144,144,0.569767,118,12,16,10,0,378,0,0.0197628,0,"21123-01","LIB-MJ090-E12","LIB00009","12","E",0,"ILLUMINA-DNA-PREP","pcr-negative"
"LIB-MJ091-E12_03","12_03",98,14798,13918,13507,0.940533,0.912758,151,151,0.832275,10,1510,1509,1493,0.999338,0.988742,151,151,0.55894,14,0,0,0,0,84,0,0.0408163,0,"21123-01","LIB-MJ091-E12","LIB00010","12","E",-0.02,"ILLUMINA-DNA-PREP","pcr-negative"
"LIB-MJ092-E12_01","12_01",280,42280,40003,38299,0.946145,0.905842,151,151,0.85492,18,2718,2689,2585,0.98933,0.951067,151,151,0.564386,20,0,0,6,0,254,0,0.192857,0,"21123-01","LIB-MJ092-E12","LIB00011","12","E",0.1,"ILLUMINA-DNA-PREP","pcr-negative"
"LIB-MJ093-E12_02","12_02",242,36542,33002,31318,0.903125,0.857041,151,151,0.854305,12,1754,1706,1631,0.972634,0.929875,146,145,0.444128,12,1,1,10,0,220,0,0,0,"21123-01","LIB-MJ093-E12","LIB00012","12","E",-0.02,"ILLUMINA-DNA-PREP","pcr-negative"
"LIB-MJ108-E12_02","12_02",488,73688,69957,66805,0.949368,0.906593,151,151,0.719737,146,21634,21401,20652,0.98923,0.954608,147,148,0.515716,172,1,1,2,0,314,0,0.0860656,0,"21123-01","LIB-MJ108-E12","LIB00017","12","E",-0.05,"ILLUMINA-DNA-PREP","pcr-negative"
"LIB-MJ109-E12_01","12_01",2350,354850,338177,321168,0.953014,0.905081,151,151,0.679016,1284,191505,188538,180849,0.984507,0.944357,148,149,0.614349,1516,15,17,58,0,776,0,0.0987234,0,"21123-01","LIB-MJ109-E12","LIB00013","12","E",-0.06,"ILLUMINA-DNA-PREP","pcr-negative"
"LIB-MJ129-E12_02","12_02",7284,1099884,1060730,1008918,0.964402,0.917295,151,151,0.59139,3916,558550,552190,533713,0.988613,0.955533,142,142,0.580591,4348,157,186,84,0,2852,0,0.0771554,0,"21123-01","LIB-MJ129-E12","LIB00019","12","E",0,"ILLUMINA-DNA-PREP","pcr-negative"
"LIB-MJ130-E12_01","12_01",760,114760,108371,102850,0.944327,0.896218,151,151,0.657651,362,53145,52410,50302,0.98617,0.946505,147,146,0.544924,410,18,20,18,0,332,0,0.0631579,0,"21123-01","LIB-MJ130-E12","LIB00020","12","E",0,"ILLUMINA-DNA-PREP","pcr-negative"
"LIB-MJ131-E12_01","12_01",268204,40498804,39148559,37390240,0.96666,0.923243,151,151,0.579802,175668,25472641,25199863,24413113,0.989291,0.958405,144,145,0.575272,194314,5644,6920,4052,0,69838,0,0.073802,151,"21123-01","LIB-MJ131-E12","LIB00021","12","E",0.02,"ILLUMINA-DNA-PREP","pcr-negative"
"LIB-MJ132-E12_03","12_03",382,57682,53441,51481,0.926476,0.892497,151,151,0.835737,48,6746,6684,6461,0.990809,0.957753,140,140,0.589831,60,1,1,4,0,318,0,0.0314136,0,"21123-01","LIB-MJ132-E12","LIB00022","12","E",0.04,"ILLUMINA-DNA-PREP","pcr-negative"
"LIB-MJ105-E12_01","12_01",218,32918,30895,28978,0.938544,0.880309,151,151,0.695881,92,13017,12849,12453,0.987094,0.956672,141,141,0.585926,92,2,2,12,0,114,0,0.0550459,0,"211129_A00595_0124_BHVJMTDSXY","LIB-MJ105-E12","LIB00014","12","E",-0.04,"ILLUMINA-DNA-PREP","pcr-negative"
"LIB-MJ106-E12_01","12_01",260,39260,37017,34671,0.942868,0.883113,151,151,0.832094,34,4962,4916,4736,0.99073,0.954454,145,145,0.595728,34,0,0,10,0,216,0,0.261538,0,"211129_A00595_0124_BHVJMTDSXY","LIB-MJ106-E12","LIB00015","12","E",-0.01,"ILLUMINA-DNA-PREP","pcr-negative"
"LIB-MJ107-E12_02","12_02",92,13892,13030,12167,0.93795,0.875828,151,151,0.738411,32,4644,4558,4356,0.981481,0.937984,144,145,0.592593,32,1,1,2,0,58,0,0.0652174,0,"211129_A00595_0124_BHVJMTDSXY","LIB-MJ107-E12","LIB00016","12","E",-0.02,"ILLUMINA-DNA-PREP","pcr-negative"
"LIB-MJ110-E12_04","12_04",130,19630,18695,17762,0.952369,0.90484,151,151,0.840703,10,1502,1494,1454,0.994674,0.968043,150,150,0.558589,10,0,0,6,0,114,0,0.215385,0,"211129_A00595_0124_BHVJMTDSXY","LIB-MJ110-E12","LIB00018","12","E",-0.13,"ILLUMINA-DNA-PREP","pcr-negative"
"LIB-MJ133-E12_03","12_03",698,105398,98582,92163,0.935331,0.874428,151,151,0.812103,116,17237,16964,16274,0.984162,0.944132,148,148,0.588966,118,4,4,16,0,564,0,0.255014,0,"211129_A00595_0124_BHVJMTDSXY","LIB-MJ133-E12","LIB00023","12","E",0.01,"ILLUMINA-DNA-PREP","pcr-negative"
"LIB-MJ134-E12_03","12_03",1036,156436,145688,135950,0.931295,0.869045,151,151,0.642864,482,69300,68079,64896,0.982381,0.93645,143,144,0.564747,494,30,32,26,0,516,0,0.011583,0,"211129_A00595_0124_BHVJMTDSXY","LIB-MJ134-E12","LIB00024","12","E",0.01,"ILLUMINA-DNA-PREP","pcr-negative"
"LIB-MJ135-E12_04","12_04",102546,15484446,14801030,13890330,0.955864,0.89705,151,151,0.594232,77838,11506779,11317075,10825617,0.983514,0.940803,147,147,0.59363,79086,2152,2611,2974,0,20486,0,0.0132428,151,"211129_A00595_0124_BHVJMTDSXY","LIB-MJ135-E12","LIB00025","12","E",0.01,"ILLUMINA-DNA-PREP","pcr-negative"
"LIB-MJ137-E12_02","12_02",308,46508,42218,39481,0.907758,0.848908,151,151,0.777135,58,8084,7925,7581,0.980332,0.937778,140,138,0.595497,58,6,7,16,0,234,0,0,0,"211129_A00595_0124_BHVJMTDSXY","LIB-MJ137-E12","LIB00026","12","E",-0.01,"ILLUMINA-DNA-PREP","pcr-negative"
"LIB-MJ177-E12_03","12_03",1260,190260,180561,172029,0.949022,0.904178,151,151,0.805219,184,26788,26534,25751,0.990518,0.961289,145,146,0.542258,198,5,17,24,0,1038,0,0.312698,0,"220318_A00595_0142_AHVH7CDSXY","LIB-MJ177-E12","LIB00048","12","E",0.01,"ILLUMINA-DNA-PREP","pcr-negative"
"LIB-MJ226-E12_01","12_01",204,30804,27956,26557,0.907544,0.862128,151,151,0.875276,4,604,601,593,0.995033,0.981788,151,151,0.433775,4,0,0,14,0,186,0,0,0,"220318_A00595_0142_AHVH7CDSXY","LIB-MJ226-E12","LIB00070","12","E",0.01,"ILLUMINA-DNA-PREP","pcr-negative"
"LIB-MJ227-E12_02","12_02",58890,8892390,8449319,8029067,0.950174,0.902914,151,151,0.598938,31536,4417702,4370690,4233100,0.989358,0.958213,140,140,0.598322,32856,1562,1915,994,0,25040,0,0.023026,53,"220318_A00595_0142_AHVH7CDSXY","LIB-MJ227-E12","LIB00071","12","E",0.01,"ILLUMINA-DNA-PREP","pcr-negative"
"LIB-MJ228-E12_01","12_01",1028,155228,146998,137842,0.946981,0.887997,151,151,0.553515,586,86564,84917,80551,0.980974,0.930537,147,148,0.430375,594,20,24,20,0,414,0,0.0116732,0,"220318_A00595_0142_AHVH7CDSXY","LIB-MJ228-E12","LIB00072","12","E",0.01,"ILLUMINA-DNA-PREP","pcr-negative"
"LIB-MJ230-E12_03","12_03",374,56474,52010,49386,0.920955,0.874491,151,151,0.769646,90,12472,12327,11909,0.988374,0.954859,138,138,0.603432,96,7,9,10,0,268,0,0.0160428,0,"220318_A00595_0142_AHVH7CDSXY","LIB-MJ230-E12","LIB00074","12","E",0.02,"ILLUMINA-DNA-PREP","pcr-negative"
"LIB-MJ231-E12_04","12_04",382,57682,52816,50044,0.915641,0.867584,151,151,0.810582,50,7328,7187,6830,0.980759,0.932041,147,145,0.509279,52,2,3,14,0,316,0,0.0052356,0,"220318_A00595_0142_AHVH7CDSXY","LIB-MJ231-E12","LIB00075","12","E",0,"ILLUMINA-DNA-PREP","pcr-negative"
"LIB-MJ251-E12_04","12_04",478,72178,66606,63438,0.922802,0.87891,151,151,0.869489,2,302,295,286,0.976821,0.94702,151,151,0.370861,2,0,0,6,0,470,0,0.0460251,0,"220318_A00595_0142_AHVH7CDSXY","LIB-MJ251-E12","LIB00077","12","E",0.01,"ILLUMINA-DNA-PREP","pcr-negative"
"LIB-MJ252-E12_02","12_02",550,83050,76388,72813,0.919783,0.876737,151,151,0.871656,2,214,214,213,1,0.995327,107,107,0.457944,2,0,0,12,0,536,0,0.0145455,0,"220318_A00595_0142_AHVH7CDSXY","LIB-MJ252-E12","LIB00078","12","E",0,"ILLUMINA-DNA-PREP","pcr-negative"
"LIB-MJ145-E12_01","12_01",1226,185126,168792,160843,0.911768,0.86883,151,151,0.897843,10,1370,1347,1272,0.983212,0.928467,137,137,0.616788,10,0,0,30,0,1186,0,0.0179445,0,"220324_A00595_0144_AHGKYMDSX3","LIB-MJ145-E12","LIB00030","12","E",0.01,"ILLUMINA-DNA-PREP","pcr-negative"
"LIB-MJ146-E12_01","12_01",2492,376292,346197,330993,0.920022,0.879617,151,151,0.875195,66,9678,9484,9038,0.979955,0.933871,145,148,0.541538,68,3,5,26,0,2398,0,0.00561798,0,"220324_A00595_0144_AHGKYMDSX3","LIB-MJ146-E12","LIB00031","12","E",0.01,"ILLUMINA-DNA-PREP","pcr-negative"
"LIB-MJ147-E12_02","12_02",542,81842,74546,71059,0.910853,0.868246,151,151,0.902581,2,302,276,237,0.913907,0.784768,151,151,0.57947,2,1,1,14,0,526,0,0.0258303,0,"220324_A00595_0144_AHGKYMDSX3","LIB-MJ147-E12","LIB00032","12","E",0.02,"ILLUMINA-DNA-PREP","pcr-negative"
"LIB-MJ148-E12_02","12_02",2084,314684,289684,278400,0.920555,0.884697,151,151,0.889222,24,3548,3476,3292,0.979707,0.927847,147,148,0.562289,24,0,0,20,0,2040,0,0.00671785,0,"220324_A00595_0144_AHGKYMDSX3","LIB-MJ148-E12","LIB00033","12","E",0.01,"ILLUMINA-DNA-PREP","pcr-negative"
"LIB-MJ149-E12_03","12_03",1146,173046,158262,151716,0.914566,0.876738,151,151,0.887296,6,714,697,667,0.97619,0.934174,119,119,0.348739,6,1,1,20,0,1120,0,0.0017452,0,"220324_A00595_0144_AHGKYMDSX3","LIB-MJ149-E12","LIB00034","12","E",0.02,"ILLUMINA-DNA-PREP","pcr-negative"
"LIB-MJ150-E12_03","12_03",5198,784898,732842,700868,0.933678,0.892942,151,151,0.872614,130,18606,18322,17582,0.984736,0.944964,142,143,0.563635,136,10,15,70,0,4992,0,0.149673,0,"220324_A00595_0144_AHGKYMDSX3","LIB-MJ150-E12","LIB00035","12","E",0.02,"ILLUMINA-DNA-PREP","pcr-negative"
"LIB-MJ151-E12_04","12_04",622,93922,86214,82861,0.917932,0.882232,151,151,0.85916,32,4810,4776,4645,0.992931,0.965696,150,150,0.606861,32,1,1,10,0,580,0,0.00321543,0,"220324_A00595_0144_AHGKYMDSX3","LIB-MJ151-E12","LIB00036","12","E",0.01,"ILLUMINA-DNA-PREP","pcr-negative"
"LIB-MJ171-E12_04","12_04",281160,42455160,41042274,39309479,0.966721,0.925906,151,151,0.602687,201490,29166940,28887245,28090030,0.990411,0.963078,144,144,0.605255,209300,7948,10084,2990,0,68870,0,0.0294139,151,"220324_A00595_0144_AHGKYMDSX3","LIB-MJ171-E12","LIB00042","12","E",0.01,"ILLUMINA-DNA-PREP","pcr-negative"
"LIB-MJ138-E12_03","12_03",1128,170328,158241,150130,0.929037,0.881417,151,151,0.788743,214,30721,30339,29350,0.987566,0.955373,143,143,0.576348,226,12,20,18,0,884,0,0.0301418,0,"220401_A00595_0148_AHGL7FDSX3","LIB-MJ138-E12","LIB00027","12","E",0.01,"ILLUMINA-DNA-PREP","pcr-negative"
"LIB-MJ166-E12_01","12_01",614372,92770172,88324688,82815613,0.952081,0.892697,151,151,0.568567,417880,60411103,59382193,56708163,0.982968,0.938704,144,144,0.569854,426688,25663,33001,14542,0,173142,0,0.014711,151,"220401_A00595_0148_AHGL7FDSX3","LIB-MJ166-E12","LIB00037","12","E",0.01,"ILLUMINA-DNA-PREP","pcr-negative"
"LIB-MJ167-E12_02","12_02",2114,319214,303710,287588,0.951431,0.900925,151,151,0.691395,864,123971,122297,117676,0.986497,0.949222,143,143,0.593179,890,41,52,28,0,1196,0,0.0435194,0,"220401_A00595_0148_AHGL7FDSX3","LIB-MJ167-E12","LIB00038","12","E",0.01,"ILLUMINA-DNA-PREP","pcr-negative"
"LIB-MJ168-E12_02","12_02",184,27784,25475,24207,0.916895,0.871257,151,151,0.875504,4,604,602,593,0.996689,0.981788,151,151,0.627483,4,0,0,2,0,178,0,0,0,"220401_A00595_0148_AHGL7FDSX3","LIB-MJ168-E12","LIB00039","12","E",0.01,"ILLUMINA-DNA-PREP","pcr-negative"
"LIB-MJ170-E12_03","12_03",162,24462,22184,20947,0.906876,0.856308,151,151,0.867141,2,302,298,288,0.986755,0.953642,151,151,0.357616,2,0,0,6,0,154,0,0,0,"220401_A00595_0148_AHGL7FDSX3","LIB-MJ170-E12","LIB00041","12","E",0.01,"ILLUMINA-DNA-PREP","pcr-negative"
"LIB-MJ172-E12_04","12_04",464816,70187216,66602363,62455389,0.948924,0.88984,151,151,0.49919,295218,41582323,40899855,39090378,0.983588,0.940072,140,141,0.491493,303690,25272,33062,8920,0,152206,0,0.0187128,151,"220401_A00595_0148_AHGL7FDSX3","LIB-MJ172-E12","LIB00043","12","E",0.01,"ILLUMINA-DNA-PREP","pcr-negative"
"LIB-MJ191-E12_04","12_04",1078,162778,153562,145602,0.943383,0.894482,151,151,0.733975,282,39325,38810,37295,0.986904,0.948379,139,139,0.532282,292,18,22,20,0,766,0,0.0371058,0,"220401_A00595_0148_AHGL7FDSX3","LIB-MJ191-E12","LIB00050","12","E",0.01,"ILLUMINA-DNA-PREP","pcr-negative"
"LIB-MJ195-E12_01","12_01",7108,1073308,988894,927934,0.921352,0.864555,151,151,0.736602,2028,288287,282852,269552,0.981147,0.935013,141,142,0.590148,2078,168,211,212,0,4818,0,0.0118177,0,"220401_A00595_0148_AHGL7FDSX3","LIB-MJ195-E12","LIB00054","12","E",0.01,"ILLUMINA-DNA-PREP","pcr-negative"
"LIB-MJ173-E12_01","12_01",1310,197810,185058,174515,0.935534,0.882235,151,151,0.742723,322,45661,45017,43238,0.985896,0.946935,142,141,0.57732,330,22,24,38,0,942,0,0.0320611,0,"220429_A00595_0154_BHHCM7DSX3","LIB-MJ173-E12","LIB00044","12","E",0.01,"ILLUMINA-DNA-PREP","pcr-negative"
"LIB-MJ174-E12_01","12_01",420,63420,58004,55113,0.914601,0.869016,151,151,0.851656,22,3292,3230,3059,0.981166,0.929222,149,149,0.466282,22,1,1,6,0,392,0,0,0,"220429_A00595_0154_BHHCM7DSX3","LIB-MJ174-E12","LIB00045","12","E",0.01,"ILLUMINA-DNA-PREP","pcr-negative"
"LIB-MJ175-E12_02","12_02",1502,226802,212441,200859,0.93668,0.885614,151,151,0.773128,324,47635,47010,45102,0.986879,0.946825,147,147,0.55751,340,12,16,26,0,1136,0,0.0612517,0,"220429_A00595_0154_BHHCM7DSX3","LIB-MJ175-E12","LIB00046","12","E",0.01,"ILLUMINA-DNA-PREP","pcr-negative"
"LIB-MJ176-E12_03","12_03",672,101472,93783,88114,0.924225,0.868358,151,151,0.712009,202,28734,28307,27105,0.98514,0.943308,141,142,0.519071,206,17,17,14,0,452,0,0.00892857,0,"220429_A00595_0154_BHHCM7DSX3","LIB-MJ176-E12","LIB00047","12","E",0.01,"ILLUMINA-DNA-PREP","pcr-negative"
"LIB-MJ190-E12_02","12_02",2084,314684,287129,272122,0.912436,0.864747,151,151,0.833185,78,10002,9866,9499,0.986403,0.94971,128,128,0.524295,80,7,7,40,0,1964,0,0.00479846,0,"220429_A00595_0154_BHHCM7DSX3","LIB-MJ190-E12","LIB00049","12","E",0.01,"ILLUMINA-DNA-PREP","pcr-negative"
"LIB-MJ192-E12_04","12_04",181744,27443344,25866072,24317376,0.942526,0.886094,151,151,0.607112,94956,13373343,13179042,12665273,0.985471,0.947054,140,141,0.623013,96868,7403,9260,3430,0,81446,0,0.0109605,44,"220429_A00595_0154_BHHCM7DSX3","LIB-MJ192-E12","LIB00051","12","E",0.02,"ILLUMINA-DNA-PREP","pcr-negative"
"LIB-MJ194-E12_04","12_04",1490,224990,200381,187163,0.890622,0.831873,151,151,0.811756,16,2064,2033,1947,0.984981,0.943314,129,129,0.481589,16,9,10,62,0,1412,0,0,0,"220429_A00595_0154_BHHCM7DSX3","LIB-MJ194-E12","LIB00053","12","E",0.01,"ILLUMINA-DNA-PREP","pcr-negative"
"LIB-MJ197-E12_03","12_03",1032,155832,140150,131664,0.899366,0.84491,151,151,0.874968,10,1374,1322,1222,0.962154,0.889374,137,137,0.454876,10,0,0,42,0,980,0,0.00581395,0,"220429_A00595_0154_BHHCM7DSX3","LIB-MJ197-E12","LIB00056","12","E",0.01,"ILLUMINA-DNA-PREP","pcr-negative"
"LIB-MJ140-E12_02","12_02",1584,239184,226997,215834,0.949048,0.902376,151,151,0.672549,850,122960,121570,117753,0.988696,0.957653,144,144,0.602415,884,50,71,40,0,660,0,0.0227273,0,"220506_A00595_0156_BHH5G2DSX3","LIB-MJ140-E12","LIB00029","12","E",0,"ILLUMINA-DNA-PREP","pcr-negative"
"LIB-MJ169-E12_01","12_01",622,93922,87719,83645,0.933956,0.890579,151,151,0.868455,20,2884,2823,2698,0.978849,0.935506,144,144,0.570388,22,0,0,2,0,598,0,0.0610932,0,"220506_A00595_0156_BHH5G2DSX3","LIB-MJ169-E12","LIB00040","12","E",0.01,"ILLUMINA-DNA-PREP","pcr-negative"
"LIB-MJ193-E12_01","12_01",1398,211098,197931,187664,0.937626,0.88899,151,151,0.678732,552,77596,76645,74020,0.987744,0.953915,140,140,0.617712,564,31,38,12,0,822,0,0.00858369,0,"220506_A00595_0156_BHH5G2DSX3","LIB-MJ193-E12","LIB00052","12","E",0.01,"ILLUMINA-DNA-PREP","pcr-negative"
"LIB-MJ196-E12_02","12_02",440,66440,60434,57349,0.909603,0.86317,151,151,0.880388,14,2090,2031,1899,0.97177,0.908612,149,149,0.386124,14,0,0,2,0,424,0,0.00454545,0,"220506_A00595_0156_BHH5G2DSX3","LIB-MJ196-E12","LIB00055","12","E",0.01,"ILLUMINA-DNA-PREP","pcr-negative"
"LIB-MJ198-E12_03","12_03",518,78218,71383,67714,0.912616,0.865709,151,151,0.875042,6,906,898,853,0.99117,0.941501,151,151,0.475717,8,2,5,16,0,494,0,0.00772201,0,"220506_A00595_0156_BHH5G2DSX3","LIB-MJ198-E12","LIB00057","12","E",0.01,"ILLUMINA-DNA-PREP","pcr-negative"
"LIB-MJ199-E12_04","12_04",52136,7872536,7551198,7145103,0.959182,0.907599,151,151,0.624951,38912,5749000,5661220,5437567,0.984731,0.945828,147,147,0.626774,40210,1337,1669,1012,0,10914,0,0.0253184,0,"220506_A00595_0156_BHH5G2DSX3","LIB-MJ199-E12","LIB00058","12","E",0.01,"ILLUMINA-DNA-PREP","pcr-negative"
"LIB-MJ200-E12_04","12_04",666,100566,90199,85258,0.896913,0.847782,151,151,0.881153,0,0,0,0,0,0,0,0,0,0,0,0,22,0,644,0,0.00600601,0,"220506_A00595_0156_BHH5G2DSX3","LIB-MJ200-E12","LIB00059","12","E",0.01,"ILLUMINA-DNA-PREP","pcr-negative"
"LIB-MJ201-E12_03","12_03",1388,209588,194503,183346,0.928025,0.874792,151,151,0.742209,548,80936,79567,76169,0.983085,0.941102,147,147,0.607678,558,17,26,50,0,780,0,0.00720461,0,"220506_A00595_0156_BHH5G2DSX3","LIB-MJ201-E12","LIB00060","12","E",0.01,"ILLUMINA-DNA-PREP","pcr-negative"
"LIB-MJ213-E12_01","12_01",302,45602,42336,40570,0.92838,0.889654,151,151,0.846739,18,2608,2585,2494,0.991181,0.956288,144,144,0.534509,20,2,3,6,0,276,0,0.013245,0,"220601_A00595_0164_BHKNK7DSX3","LIB-MJ213-E12","LIB00064","12","E",0,"ILLUMINA-DNA-PREP","pcr-negative"
"LIB-MJ214-E12_02","12_02",1270,191770,177499,170710,0.925583,0.890181,151,151,0.88238,10,1472,1431,1348,0.972147,0.915761,143,151,0.488451,10,1,1,20,0,1240,0,0.0220472,0,"220601_A00595_0164_BHKNK7DSX3","LIB-MJ214-E12","LIB00065","12","E",0.01,"ILLUMINA-DNA-PREP","pcr-negative"
"LIB-MJ215-E12_01","12_01",688,103888,94982,89776,0.914273,0.864161,151,151,0.762504,104,14652,14382,13692,0.981572,0.93448,141,140,0.444376,110,9,10,20,0,558,0,0.00872093,0,"220601_A00595_0164_BHKNK7DSX3","LIB-MJ215-E12","LIB00066","12","E",0.01,"ILLUMINA-DNA-PREP","pcr-negative"
"LIB-MJ216-E12_02","12_02",848,128048,116933,111549,0.913197,0.87115,151,151,0.842379,42,5734,5680,5507,0.990582,0.960412,137,135,0.554412,42,4,4,12,0,794,0,0,0,"220601_A00595_0164_BHKNK7DSX3","LIB-MJ216-E12","LIB00067","12","E",0.01,"ILLUMINA-DNA-PREP","pcr-negative"
"LIB-MJ217-E12_03","12_03",2496,376896,354280,334764,0.939994,0.888213,151,151,0.62604,1178,167958,165480,158961,0.985246,0.946433,142,142,0.572024,1204,66,77,68,0,1224,0,0.0112179,0,"220601_A00595_0164_BHKNK7DSX3","LIB-MJ217-E12","LIB00068","12","E",0.01,"ILLUMINA-DNA-PREP","pcr-negative"
"LIB-MJ218-E12_04","12_04",1489484,224912084,213108319,199838718,0.947518,0.888519,151,151,0.575429,948704,136710172,134370739,128388724,0.982888,0.939131,143,144,0.570593,977338,57847,71036,39594,2,472550,0,0.0196954,151,"220601_A00595_0164_BHKNK7DSX3","LIB-MJ218-E12","LIB00069","12","E",0.02,"ILLUMINA-DNA-PREP","pcr-negative"
"LIB-MJ229-E12_03","12_03",766,115666,106959,102683,0.924723,0.887754,151,151,0.87412,18,2682,2635,2544,0.982476,0.948546,149,149,0.501864,18,0,0,10,0,738,0,0.0234987,0,"220601_A00595_0164_BHKNK7DSX3","LIB-MJ229-E12","LIB00073","12","E",0.01,"ILLUMINA-DNA-PREP","pcr-negative"
"LIB-MJ250-E12_04","12_04",760,114760,105995,101540,0.923623,0.884803,151,151,0.858147,44,6394,6314,6044,0.987488,0.945261,145,145,0.566156,44,2,2,2,0,714,0,0.00526316,0,"220601_A00595_0164_BHKNK7DSX3","LIB-MJ250-E12","LIB00076","12","E",0.02,"ILLUMINA-DNA-PREP","pcr-negative"
"LIB-MJ281-E12_01","12_01",46516,7023916,6784804,6469084,0.965957,0.921008,151,151,0.593074,33462,4891931,4836815,4681839,0.988733,0.957053,146,146,0.589358,34778,1103,1325,948,0,10790,0,0.031602,0,"220607_A00595_0166_BHKNKHDSX3","LIB-MJ281-E12","LIB00092","12","E",0.01,"ILLUMINA-DNA-PREP","pcr-negative"
"LIB-MJ301-E12_01","12_01",1260,190260,178987,169843,0.94075,0.892689,151,151,0.81869,86,12446,12215,11662,0.98144,0.937008,143,145,0.407038,90,5,6,10,0,1160,0,0.196825,0,"220607_A00595_0166_BHKNKHDSX3","LIB-MJ301-E12","LIB00096","12","E",0.01115,"ILLUMINA-DNA-PREP","pcr-negative"
"LIB-MJ139-E12_01","12_01",448,67648,62852,59515,0.929104,0.879775,151,151,0.757864,116,16662,16555,16049,0.993578,0.96321,143,143,0.613672,124,6,7,4,0,320,0,0.0178571,0,"220613_A00595_0168_BHKNMYDSX3","LIB-MJ139-E12","LIB00028","12","E",0.01,"ILLUMINA-DNA-PREP","pcr-negative"
"LIB-MJ253-E12_01","12_01",4488,677688,628636,588268,0.927619,0.868051,151,151,0.601079,1158,153043,151423,146524,0.989415,0.957404,132,132,0.570931,1200,108,133,88,0,3200,0,0.0102496,0,"220613_A00595_0168_BHKNMYDSX3","LIB-MJ253-E12","LIB00079","12","E",0.01,"ILLUMINA-DNA-PREP","pcr-negative"
"LIB-MJ254-E12_02","12_02",40080,6052080,5854480,5592942,0.96735,0.924136,151,151,0.60864,28604,4192312,4148150,4019933,0.989466,0.958882,146,146,0.611069,30504,670,819,708,0,8868,0,0.0489022,0,"220613_A00595_0168_BHKNMYDSX3","LIB-MJ254-E12","LIB00080","12","E",0.01,"ILLUMINA-DNA-PREP","pcr-negative"
"LIB-MJ255-E12_02","12_02",812,122612,111976,107208,0.913255,0.874368,151,151,0.894488,6,826,811,779,0.98184,0.943099,137,137,0.542373,6,0,0,20,0,786,0,0,0,"220613_A00595_0168_BHKNMYDSX3","LIB-MJ255-E12","LIB00081","12","E",0.01,"ILLUMINA-DNA-PREP","pcr-negative"
"LIB-MJ256-E12_03","12_03",4616,697016,651073,614125,0.934086,0.881077,151,151,0.616379,1610,221148,218709,211811,0.988971,0.957779,137,137,0.601547,1726,89,112,88,0,2802,0,0.0259965,0,"220613_A00595_0168_BHKNMYDSX3","LIB-MJ256-E12","LIB00082","12","E",0.02,"ILLUMINA-DNA-PREP","pcr-negative"
"LIB-MJ259-E12_04","12_04",422,63722,58958,55957,0.925238,0.878143,151,151,0.771288,102,14336,14127,13602,0.985421,0.9488,139,141,0.587193,114,4,6,10,0,298,0,0.028436,0,"220613_A00595_0168_BHKNMYDSX3","LIB-MJ259-E12","LIB00085","12","E",0.01,"ILLUMINA-DNA-PREP","pcr-negative"
"LIB-MJ262-E12_03","12_03",67826,10241726,9893575,9426449,0.966007,0.920397,151,151,0.611772,45590,6669024,6597254,6388818,0.989238,0.957984,146,146,0.612073,48568,1002,1225,1180,0,18078,0,0.0493911,0,"220613_A00595_0168_BHKNMYDSX3","LIB-MJ262-E12","LIB00088","12","E",0.01,"ILLUMINA-DNA-PREP","pcr-negative"
"LIB-MJ263-E12_04","12_04",1728,260928,242948,230205,0.931092,0.882255,151,151,0.719865,384,52988,52485,50956,0.990507,0.961652,138,137,0.594625,406,17,20,28,0,1294,0,0.0208333,0,"220613_A00595_0168_BHKNMYDSX3","LIB-MJ263-E12","LIB00089","12","E",0.01,"ILLUMINA-DNA-PREP","pcr-negative"
"LIB-MJ260-E12_01","12_01",4346,656246,611450,577149,0.931739,0.879471,151,151,0.679491,1738,246913,243533,234214,0.986311,0.948569,142,142,0.618303,1820,85,105,100,0,2426,0,0.0220893,0,"220627_A00595_0174_BHMV5KDSX3","LIB-MJ260-E12","LIB00086","12","E",-0.01,"ILLUMINA-DNA-PREP","pcr-negative"
"LIB-MJ261-E12_01","12_01",196174,29622274,28025693,26467869,0.946102,0.893512,151,151,0.592401,62808,8392696,8313036,8080872,0.990508,0.962846,133,133,0.591432,66882,4293,5200,2258,2,127032,0,0.0273227,45,"220627_A00595_0174_BHMV5KDSX3","LIB-MJ261-E12","LIB00087","12","E",0.01,"ILLUMINA-DNA-PREP","pcr-negative"
"LIB-MJ279-E12_02","12_02",2459278,371350978,357760074,340866224,0.963401,0.917909,151,151,0.599369,1711628,246494207,243723931,235795917,0.988761,0.956598,143,144,0.607436,1830714,72029,90067,39980,0,588584,0,0.0498333,151,"220627_A00595_0174_BHMV5KDSX3","LIB-MJ279-E12","LIB00090","12","E",0.04,"ILLUMINA-DNA-PREP","pcr-negative"
"LIB-MJ280-E12_02","12_02",900,135900,125582,119640,0.924077,0.880353,151,151,0.866659,18,2486,2478,2429,0.996782,0.977072,138,138,0.497989,18,0,0,20,0,862,0,0.0488889,0,"220627_A00595_0174_BHMV5KDSX3","LIB-MJ280-E12","LIB00091","12","E",0.02,"ILLUMINA-DNA-PREP","pcr-negative"
"LIB-MJ282-E12_03","12_03",2740,413740,388774,366499,0.939658,0.88582,151,151,0.656456,1090,156969,154534,147915,0.984487,0.94232,143,144,0.548758,1130,57,72,44,0,1566,0,0.0189781,0,"220627_A00595_0174_BHMV5KDSX3","LIB-MJ282-E12","LIB00093","12","E",0.01284,"ILLUMINA-DNA-PREP","pcr-negative"
"LIB-MJ283-E12_04","12_04",620,93620,85205,80707,0.910115,0.86207,151,151,0.836509,30,4225,4182,4040,0.989822,0.956213,139,142,0.555503,32,3,3,18,0,570,0,0.00645161,0,"220627_A00595_0174_BHMV5KDSX3","LIB-MJ283-E12","LIB00061","12","E",0.00833,"ILLUMINA-DNA-PREP","pcr-negative"
"LIB-MJ284-E12_03","12_03",2162,326462,310360,292816,0.950677,0.896937,151,151,0.641462,1046,154246,151908,145548,0.984842,0.94361,147,147,0.510483,1080,35,47,42,0,1040,0,0.0693802,0,"220627_A00595_0174_BHMV5KDSX3","LIB-MJ284-E12","LIB00062","12","E",0.00745,"ILLUMINA-DNA-PREP","pcr-negative"
"LIB-MJ305-E12_04","12_04",652,98452,91977,86875,0.934232,0.88241,151,151,0.792406,90,13006,12723,12031,0.978241,0.925035,143,145,0.378979,94,2,2,14,0,544,0,0.101227,0,"220627_A00595_0174_BHMV5KDSX3","LIB-MJ305-E12","LIB00094","12","E",0.00244,"ILLUMINA-DNA-PREP","pcr-negative"
"LIB-MJ306-E12_01","12_01",671300,101366300,97041132,91724699,0.957331,0.904884,151,151,0.610985,462782,67352451,66411586,63900336,0.986031,0.948746,145,145,0.615075,478036,18480,23629,12634,2,180628,0,0.0237241,151,"220721_A00595_0179_AHMTTHDSX3","LIB-MJ306-E12","LIB00083","12","E",0.02184,"ILLUMINA-DNA-PREP","pcr-negative"
"LIB-MJ307-E12_01","12_01",1532,231332,216550,206584,0.9361,0.89302,151,151,0.871847,60,8870,8778,8534,0.989628,0.96212,147,147,0.588275,64,1,4,10,0,1458,0,0.131854,0,"220721_A00595_0179_AHMTTHDSX3","LIB-MJ307-E12","LIB00084","12","E",0.00415,"ILLUMINA-DNA-PREP","pcr-negative"
"LIB-MJ334-E12_01","12_01",1526,230426,217090,203977,0.942125,0.885217,151,151,0.674967,610,89128,87390,82935,0.9805,0.930516,146,145,0.503198,632,14,17,24,0,870,0,0.0327654,0,"220802_A00595_0182_BHMTY7DSX3","LIB-MJ334-E12","LIB00095","12","E",0.011,"ILLUMINA-DNA-PREP","pcr-negative"
"LIB-MJ336-E12_02","12_02",3436,518836,487607,464889,0.939809,0.896023,151,151,0.862702,142,20650,20347,19449,0.985327,0.94184,145,145,0.542421,152,3,3,28,0,3256,0,0.222352,0,"220802_A00595_0182_BHMTY7DSX3","LIB-MJ336-E12","LIB00099","12","E",0.01364,"ILLUMINA-DNA-PREP","pcr-negative"
"LIB-MJ337-E12_03","12_03",3224,486824,462801,438236,0.950654,0.900194,151,151,0.729757,1226,181383,178646,171584,0.98491,0.945976,148,147,0.594604,1302,20,24,62,0,1860,0,0.131514,0,"220802_A00595_0182_BHMTY7DSX3","LIB-MJ337-E12","LIB00100","12","E",0.01217,"ILLUMINA-DNA-PREP","pcr-negative"
"LIB-MJ338-E12_04","12_04",962,145262,134532,127499,0.926133,0.877718,151,151,0.873016,16,2278,2259,2197,0.991659,0.964442,142,142,0.56014,20,0,0,14,0,928,0,0.0519751,0,"220802_A00595_0182_BHMTY7DSX3","LIB-MJ338-E12","LIB00101","12","E",0.0169,"ILLUMINA-DNA-PREP","pcr-negative"
"LIB-MJ342-E12_02","12_02",1308,197508,185208,176402,0.937724,0.893139,151,151,0.78934,264,37708,37313,36113,0.989525,0.957701,143,142,0.58046,274,8,12,20,0,1014,0,0.0474006,0,"220802_A00595_0182_BHMTY7DSX3","LIB-MJ342-E12","LIB00105","12","E",0.01133,"ILLUMINA-DNA-PREP","pcr-negative"
"LIB-MJ343-E12_01","12_01",836,126236,115744,110302,0.916886,0.873776,151,151,0.88371,6,894,882,841,0.986577,0.940716,149,149,0.482103,6,0,0,6,0,824,0,0.00239234,0,"220802_A00595_0182_BHMTY7DSX3","LIB-MJ343-E12","LIB00106","12","E",0.00527,"ILLUMINA-DNA-PREP","pcr-negative"
"LIB-MJ340-E12_01","12_01",50818,7673518,7120448,6532291,0.927925,0.851277,151,151,0.542038,24938,3544690,3461739,3258780,0.976599,0.919341,141,142,0.521227,25504,2839,3791,1480,0,23834,0,0.0122398,0,"220812_A00595_0185_AHVYLFDSX3","LIB-MJ340-E12","LIB00103","12","E",0.01871,"ILLUMINA-DNA-PREP","pcr-negative"
"LIB-MJ341-E12_02","12_02",6078,917778,851766,783541,0.928074,0.853737,151,151,0.630214,2950,418563,409644,387101,0.978691,0.924833,141,142,0.603321,3018,356,440,174,0,2886,0,0.0111879,0,"220812_A00595_0185_AHVYLFDSX3","LIB-MJ341-E12","LIB00104","12","E",0.00805,"ILLUMINA-DNA-PREP","pcr-negative"
"LIB-MJ345-E12_01","12_01",7152,1079952,1002102,926614,0.927913,0.858014,151,151,0.629146,3128,438487,429325,406190,0.979105,0.926344,139,140,0.588084,3234,367,457,202,0,3716,0,0.0153803,0,"220812_A00595_0185_AHVYLFDSX3","LIB-MJ345-E12","LIB00108","12","E",0.01075,"ILLUMINA-DNA-PREP","pcr-negative"
"LIB-MJ346-E12_02","12_02",2754,415854,381083,353273,0.916387,0.849512,151,151,0.77374,726,106191,103979,98241,0.97917,0.925135,145,146,0.596943,742,61,74,90,0,1922,0,0.00726216,0,"220812_A00595_0185_AHVYLFDSX3","LIB-MJ346-E12","LIB00109","12","E",0.0095,"ILLUMINA-DNA-PREP","pcr-negative"
"LIB-MJ347-E12_04","12_04",102370,15457870,14580794,13404299,0.94326,0.86715,151,151,0.629357,73212,10839740,10574871,9938681,0.975565,0.916874,147,148,0.630642,75384,3832,4956,4142,0,22844,0,0.0224871,0,"220812_A00595_0185_AHVYLFDSX3","LIB-MJ347-E12","LIB00110","12","E",0.01,"ILLUMINA-DNA-PREP","pcr-negative"
"LIB-MJ352-E12_03","12_03",964,145564,133033,123270,0.913914,0.846844,151,151,0.876137,12,1743,1722,1626,0.987952,0.932874,143,147,0.507745,12,1,2,42,0,910,0,0.0477178,0,"220812_A00595_0185_AHVYLFDSX3","LIB-MJ352-E12","LIB00111","12","E",0.01,"ILLUMINA-DNA-PREP","pcr-negative"
"LIB-MJ353-E12_03","12_03",43142,6514442,6048195,5513618,0.928429,0.846368,151,151,0.587479,24708,3612462,3514070,3283949,0.972763,0.909061,145,146,0.557712,25022,1953,2587,1822,0,16298,0,0.00852997,0,"220812_A00595_0185_AHVYLFDSX3","LIB-MJ353-E12","LIB00112","12","E",0.01,"ILLUMINA-DNA-PREP","pcr-negative"
"LIB-MJ354-E12_04","12_04",1632,246432,225462,209683,0.914906,0.850876,151,151,0.79824,322,47854,46828,44076,0.97856,0.921052,148,148,0.60204,324,30,37,46,0,1262,0,0.00245098,0,"220812_A00595_0185_AHVYLFDSX3","LIB-MJ354-E12","LIB00113","12","E",0.01,"ILLUMINA-DNA-PREP","pcr-negative"
"LIB-MJ382-E12_02","12_02",848,128048,116371,109485,0.908808,0.855031,151,151,0.871384,22,3053,2985,2758,0.977727,0.903374,137,139,0.588929,22,1,1,28,0,798,0,0,0,"230630_A00595_0254_BH5NGYDSX5","LIB-MJ382-E12","LIB00116","12","E",0.01,"metagenome","pcr-negative"
"LIB-MJ383-E12_01","12_01",1734,261834,237957,223319,0.908809,0.852903,151,151,0.852945,144,21151,20736,19585,0.980379,0.925961,147,146,0.590799,150,8,9,60,0,1524,0,0.00346021,0,"230630_A00595_0254_BH5NGYDSX5","LIB-MJ383-E12","LIB00117","12","E",0,"metagenome","pcr-negative"
"LIB-MJ385-E12_04","12_04",688,103888,95632,89486,0.92053,0.86137,151,151,0.87192,6,808,767,686,0.949257,0.84901,134,134,0.52104,6,0,0,18,0,664,0,0.0988372,0,"230630_A00595_0254_BH5NGYDSX5","LIB-MJ385-E12","LIB00119","12","E",0.01,"metagenome","pcr-negative"
"LIB-MJ386-E12_04","12_04",840,126840,117366,108185,0.925307,0.852925,151,151,0.842171,62,8944,8826,8521,0.986807,0.952706,144,144,0.596154,64,4,4,28,0,748,0,0.121429,0,"230630_A00595_0254_BH5NGYDSX5","LIB-MJ386-E12","LIB00120","12","E",0.01,"metagenome","pcr-negative"
"LIB-MJ388-E12_02","12_02",548,82748,76587,72184,0.925545,0.872335,151,151,0.843102,30,4530,4450,4210,0.98234,0.92936,151,151,0.535541,30,1,1,20,0,498,0,0.142336,0,"230630_A00595_0254_BH5NGYDSX5","LIB-MJ388-E12","LIB00122","12","E",0.01,"metagenome","pcr-negative"
"LIB-MJ389-E12_03","12_03",23576,3559976,3369675,3138800,0.946544,0.881691,151,151,0.6206,15894,2340795,2295128,2181755,0.980491,0.932057,147,147,0.619355,16246,365,449,806,0,6524,0,0.0159484,0,"230630_A00595_0254_BH5NGYDSX5","LIB-MJ389-E12","LIB00123","12","E",0.01,"metagenome","pcr-negative"
"LIB-MJ390-E12_03","12_03",126150,19048650,18010510,16633702,0.945501,0.873222,151,151,0.467859,94314,14005933,13668269,12878745,0.975891,0.919521,148,148,0.461167,96706,1447,1821,4714,2,24728,0,0.0204201,0,"230630_A00595_0254_BH5NGYDSX5","LIB-MJ390-E12","LIB00097","12","E",0.01,"metagenome","pcr-negative"
"LIB-MJ413-E12_01","12_01",40856,6169256,5854611,5431836,0.948998,0.880469,151,151,0.479028,28102,4130825,4038440,3816898,0.977635,0.924004,147,146,0.466448,28632,796,973,1210,0,11014,0,0.0143431,151,"230630_A00595_0254_BH5NGYDSX5","LIB-MJ413-E12","LIB00098","12","E",0.01,"metagenome","pcr-negative"
"LIB-MJ380-E12_03","12_03",472,71272,65760,62198,0.922662,0.872685,151,151,0.852354,38,5695,5591,5328,0.981738,0.935558,150,149,0.601932,42,0,0,10,0,420,0,0.00847458,0,"230703_A00595_0256_BH5NHYDSX5","LIB-MJ380-E12","LIB00114","12","E",0.01,"metagenome","pcr-negative"
"LIB-MJ381-E12_02","12_02",1204,181804,166694,155802,0.916889,0.856978,151,151,0.850003,42,5885,5743,5423,0.975871,0.921495,138,141,0.498046,42,1,1,46,0,1116,0,0.0631229,0,"230703_A00595_0256_BH5NHYDSX5","LIB-MJ381-E12","LIB00115","12","E",0.01,"metagenome","pcr-negative"
"LIB-MJ414-E12_03","12_03",236,35636,32704,30246,0.917724,0.848748,151,151,0.729347,58,8587,8420,7908,0.980552,0.920927,148,147,0.465588,60,2,2,16,0,160,0,0.0254237,0,"230703_A00595_0256_BH5NHYDSX5","LIB-MJ414-E12","LIB00125","12","E",0.01,"metagenome","pcr-negative"
"LIB-MJ384-E12_01","12_01",10658,1609358,1494130,1378337,0.928401,0.856451,151,151,0.651296,5344,779291,761224,718253,0.976816,0.921675,145,146,0.60983,5472,343,448,440,0,4746,0,0.0127604,0,"230707_A00595_0258_BHWJWWDSX5","LIB-MJ384-E12","LIB00118","12","E",0.01,"metagenome","pcr-negative"
"LIB-MJ387-E12_01","12_01",4946,746846,693725,639664,0.928873,0.856487,151,151,0.647573,2238,326841,318957,300125,0.975878,0.91826,146,145,0.573242,2314,135,174,198,0,2434,0,0.019814,0,"230707_A00595_0258_BHWJWWDSX5","LIB-MJ387-E12","LIB00121","12","E",0.01,"metagenome","pcr-negative"
NA,NA,NA,NA,NA,NA,NA,NA,NA,NA,NA,NA,NA,NA,NA,NA,NA,NA,NA,NA,NA,NA,NA,NA,NA,NA,NA,NA,NA,NA,"LIB-MJ339-E12","LIB00102","12","E",0.01839,"ILLUMINA-DNA-PREP","pcr-negative"
NA,NA,NA,NA,NA,NA,NA,NA,NA,NA,NA,NA,NA,NA,NA,NA,NA,NA,NA,NA,NA,NA,NA,NA,NA,NA,NA,NA,NA,NA,"LIB-MJ344-E12","LIB00107","12","E",0.01737,"ILLUMINA-DNA-PREP","pcr-negative"
"LIB-MJ044-F12_03","12_03",36208718,5467516418,5315512556,5088181647,0.972199,0.93062,151,151,0.474487,26135168,3790432414,3745986143,3618806737,0.988274,0.954721,145,144,0.469327,30460626,809177,1007925,361092,28,5386972,0,0.12063,151,"20003-02","LIB-MJ044-F12","LIB00003","12","F",12.98007,"ILLUMINA-DNA-PREP(OLD)","pcr-positive"
"LIB-MJ048-F12_04","12_04",38968292,5884212092,5725572974,5456886321,0.97304,0.927378,151,151,0.468356,29462890,4377490843,4314643251,4144163187,0.985643,0.946698,148,148,0.465856,34382082,457669,563879,464500,66,4121644,0,0.127978,151,"20003-02","LIB-MJ048-F12","LIB00005","12","F",7.58791,"ILLUMINA-DNA-PREP(OLD)","pcr-positive"
"LIB-MJ050-F12_02","12_02",39176250,5915613750,5774553723,5531523656,0.976155,0.935072,151,151,0.474414,29042986,4245653071,4197210893,4050607837,0.98859,0.95406,146,146,0.470356,34652478,963256,1177161,282564,16,4241192,0,0.144418,178,"20003-02","LIB-MJ050-F12","LIB00001","12","F",4.69639,"ILLUMINA-DNA-PREP(OLD)","pcr-positive"
"LIB-MJ051-F12_02","12_02",37239742,5623201042,5463437128,5201304645,0.971588,0.924972,151,151,0.470848,28040638,4180681775,4117710493,3949519867,0.984938,0.944707,149,148,0.468155,33285666,321210,391125,476924,42,3477110,0,0.14225,151,"20003-02","LIB-MJ051-F12","LIB00002","12","F",4.67031,"ILLUMINA-DNA-PREP(OLD)","pcr-positive"
"LIB-MJ054-F12_03","12_03",28098078,4242809778,4117759512,3911305842,0.970527,0.921867,151,151,0.471634,21435350,3188044729,3137848205,3006582149,0.984255,0.94308,149,148,0.470368,24851470,421781,520812,399090,46,2847472,0,0.123248,151,"20003-02","LIB-MJ054-F12","LIB00004","12","F",9.54075,"ILLUMINA-DNA-PREP(OLD)","pcr-positive"
"LIB-MJ055-F12_04","12_04",36071618,5446814318,5309710833,5071064096,0.974829,0.931015,151,151,0.475988,27997608,4176663629,4119099569,3962143990,0.986218,0.948639,149,148,0.473818,32645926,347382,427240,380204,42,3045446,0,0.13005,271,"20003-02","LIB-MJ055-F12","LIB00006","12","F",12.70393,"ILLUMINA-DNA-PREP(OLD)","pcr-positive"
"LIB-MJ088-F12_04","12_04",21130282,3190672582,3050027733,2852795781,0.95592,0.894105,151,151,0.57662,16175648,2405739275,2362370776,2251789673,0.981973,0.936007,148,148,0.578514,16908614,354259,448318,699122,0,3522546,0,0.0359719,151,"21123-01","LIB-MJ088-F12","LIB00007","12","F",2.77,"ILLUMINA-DNA-PREP","pcr-positive"
"LIB-MJ089-F12_02","12_02",123410656,18635009056,18035260475,17066520110,0.967816,0.915831,151,151,0.512351,96615936,14387895630,14166919774,13570592164,0.984642,0.943195,148,148,0.511954,106550084,1967988,2461409,2460682,24,14399866,0,0.0825898,242,"21123-01","LIB-MJ089-F12","LIB00008","12","F",0.83,"ILLUMINA-DNA-PREP","pcr-positive"
"LIB-MJ090-F12_04","12_04",4955042,748211342,710391057,664064876,0.949452,0.887537,151,151,0.565465,2856098,404599381,397489721,379228891,0.982428,0.937295,141,141,0.573573,3000830,199305,256634,104898,0,1849314,0,0.0310924,84,"21123-01","LIB-MJ090-F12","LIB00009","12","F",0.04,"ILLUMINA-DNA-PREP","pcr-positive"
"LIB-MJ091-F12_03","12_03",26595642,4015941942,3916359554,3742413531,0.975203,0.931889,151,151,0.502182,19492628,2909468079,2872077044,2766446130,0.987148,0.950843,149,149,0.499294,23733924,196574,251371,339686,0,2522032,0,0.163044,151,"21123-01","LIB-MJ091-F12","LIB00010","12","F",1.19,"ILLUMINA-DNA-PREP","pcr-positive"
"LIB-MJ092-F12_01","12_01",26437786,3992105686,3858052607,3657378410,0.96642,0.916153,151,151,0.500859,19455708,2880957566,2839461677,2724695033,0.985596,0.94576,148,148,0.498008,22413866,574527,711863,511716,0,3512204,0,0.113654,151,"21123-01","LIB-MJ092-F12","LIB00011","12","F",1.51,"ILLUMINA-DNA-PREP","pcr-positive"
"LIB-MJ093-F12_02","12_02",32632814,4927554914,4767580911,4527908493,0.967535,0.918896,151,151,0.506858,22534750,3293327651,3248793334,3124095558,0.986477,0.948614,146,146,0.500331,25225660,686999,857254,541078,0,6866076,0,0.0878098,151,"21123-01","LIB-MJ093-F12","LIB00012","12","F",0.37,"ILLUMINA-DNA-PREP","pcr-positive"
"LIB-MJ108-F12_02","12_02",24778802,3741599102,3607747636,3394941852,0.964226,0.907351,151,151,0.517564,18635144,2767834258,2717140081,2586772229,0.981685,0.934584,148,148,0.515783,20737972,341549,433192,445728,0,3595102,0,0.0870097,151,"21123-01","LIB-MJ108-F12","LIB00017","12","F",1.28,"ILLUMINA-DNA-PREP","pcr-positive"
"LIB-MJ109-F12_01","12_01",31535158,4761808858,4612416734,4373017341,0.968627,0.918352,151,151,0.520033,24233680,3614225087,3560785478,3415847594,0.985214,0.945112,149,148,0.519089,27172342,280607,356247,651808,12,3710996,0,0.0953876,151,"21123-01","LIB-MJ109-F12","LIB00013","12","F",1.06,"ILLUMINA-DNA-PREP","pcr-positive"
"LIB-MJ129-F12_02","12_02",6892814,1040814914,995853021,944383855,0.956801,0.90735,151,151,0.573017,4442876,648639948,639949900,615949444,0.986603,0.949601,145,146,0.577412,4820344,120555,149565,138122,2,1934346,0,0.0558561,151,"21123-01","LIB-MJ129-F12","LIB00019","12","F",0.08,"ILLUMINA-DNA-PREP","pcr-positive"
"LIB-MJ130-F12_01","12_01",29241546,4415473446,4260348718,4037021826,0.964868,0.91429,151,151,0.512455,19864000,2867367639,2828544983,2719305283,0.986461,0.948363,144,144,0.507479,21906312,790800,985109,494978,0,6840256,0,0.0748973,151,"21123-01","LIB-MJ130-F12","LIB00020","12","F",0.65,"ILLUMINA-DNA-PREP","pcr-positive"
"LIB-MJ131-F12_01","12_01",30173690,4556227190,4397622840,4141662659,0.96519,0.909011,151,151,0.519032,23454976,3494585257,3431945864,3269956618,0.982075,0.935721,148,149,0.518384,25673232,335309,428600,544528,8,3955922,0,0.0750238,151,"21123-01","LIB-MJ131-F12","LIB00021","12","F",0.8,"ILLUMINA-DNA-PREP","pcr-positive"
"LIB-MJ132-F12_03","12_03",2493032,376447832,365631984,350000784,0.971269,0.929746,151,151,0.536897,1496046,217168155,214833814,208009907,0.989251,0.957829,145,145,0.530794,1782324,35579,43972,28626,0,682082,0,0.124358,151,"21123-01","LIB-MJ132-F12","LIB00022","12","F",0.08,"ILLUMINA-DNA-PREP","pcr-positive"
"LIB-MJ105-F12_01","12_01",17723374,2676229474,2553166107,2385458501,0.954016,0.891351,151,151,0.509107,13569246,1998514717,1960364374,1864208110,0.980911,0.932797,147,147,0.504408,13733784,504315,623645,422898,16,3566676,0,0.0095018,151,"211129_A00595_0124_BHVJMTDSXY","LIB-MJ105-F12","LIB00014","12","F",0.59,"ILLUMINA-DNA-PREP","pcr-positive"
"LIB-MJ106-F12_01","12_01",5647568,852782768,796899051,743102359,0.934469,0.871385,151,151,0.549776,3513256,505079031,496593739,474580512,0.9832,0.939616,143,143,0.543776,3555810,166353,199012,171768,6,1919984,0,0.00770845,151,"211129_A00595_0124_BHVJMTDSXY","LIB-MJ106-F12","LIB00015","12","F",0.31,"ILLUMINA-DNA-PREP","pcr-positive"
"LIB-MJ107-F12_02","12_02",5969810,901441310,851430849,792896071,0.944522,0.879587,151,151,0.519062,3947722,564588331,554426138,528150262,0.982001,0.935461,142,143,0.509612,3982676,256944,318346,142866,6,1844262,0,0.00602632,151,"211129_A00595_0124_BHVJMTDSXY","LIB-MJ107-F12","LIB00016","12","F",0.07,"ILLUMINA-DNA-PREP","pcr-positive"
"LIB-MJ110-F12_04","12_04",37844446,5714511346,5390380781,5033338117,0.943279,0.880799,151,151,0.52041,26168464,3778091748,3712902607,3542585088,0.982745,0.937665,144,144,0.512396,26523002,1381012,1662187,1123494,52,10197898,0,0.0096514,151,"211129_A00595_0124_BHVJMTDSXY","LIB-MJ110-F12","LIB00018","12","F",0.02,"ILLUMINA-DNA-PREP","pcr-positive"
"LIB-MJ133-F12_03","12_03",6263998,945863698,892835050,833214453,0.943936,0.880903,151,151,0.550249,3992290,574269353,564418016,538811882,0.982845,0.938256,143,144,0.546075,4034798,216289,265947,136136,4,2093060,0,0.00698372,74,"211129_A00595_0124_BHVJMTDSXY","LIB-MJ133-F12","LIB00023","12","F",0.1,"ILLUMINA-DNA-PREP","pcr-positive"
"LIB-MJ134-F12_03","12_03",11152570,1684038070,1605959794,1506081219,0.953636,0.894327,151,151,0.532075,7078550,1017697365,1002078873,959867165,0.984653,0.943175,143,143,0.528432,7173276,315147,378158,265280,22,3713992,0,0.00904832,151,"211129_A00595_0124_BHVJMTDSXY","LIB-MJ134-F12","LIB00024","12","F",0.11,"ILLUMINA-DNA-PREP","pcr-positive"
"LIB-MJ135-F12_04","12_04",17520076,2645531476,2522456012,2348542659,0.953478,0.887739,151,151,0.514026,13720210,2031906414,1989209207,1884761782,0.978987,0.927583,147,148,0.51277,13866702,379576,474139,472606,50,3180718,0,0.00858455,151,"211129_A00595_0124_BHVJMTDSXY","LIB-MJ135-F12","LIB00025","12","F",1.15,"ILLUMINA-DNA-PREP","pcr-positive"
"LIB-MJ137-F12_02","12_02",32855234,4961140334,4728502153,4429344721,0.953108,0.892808,151,151,0.518148,21639232,3084379346,3035935054,2906328156,0.984294,0.942273,142,142,0.513386,21886298,1230811,1482132,865032,14,10103890,0,0.00806246,151,"211129_A00595_0124_BHVJMTDSXY","LIB-MJ137-F12","LIB00026","12","F",0.39,"ILLUMINA-DNA-PREP","pcr-positive"
"LIB-MJ177-F12_03","12_03",33397908,5043084108,4870897824,4632103720,0.965857,0.918506,151,151,0.51966,26584622,3932002045,3881124908,3739062088,0.987061,0.950931,147,147,0.517548,27389096,513547,633763,678022,30,5330760,0,0.0244966,151,"220318_A00595_0142_AHVH7CDSXY","LIB-MJ177-F12","LIB00048","12","F",1,"ILLUMINA-DNA-PREP","pcr-positive"
"LIB-MJ226-F12_01","12_01",4663744,704225344,678253857,643411963,0.96312,0.913645,151,151,0.547453,3025494,437550936,432217137,417104824,0.98781,0.953271,144,144,0.548675,3097758,95283,116439,90616,2,1475368,0,0.0170794,151,"220318_A00595_0142_AHVH7CDSXY","LIB-MJ226-F12","LIB00070","12","F",0.05,"ILLUMINA-DNA-PREP","pcr-positive"
"LIB-MJ227-F12_02","12_02",25206554,3806189654,3678859846,3507960245,0.966547,0.921646,151,151,0.533691,16816222,2398369464,2372603348,2297881501,0.989257,0.958102,142,142,0.532069,17412770,612233,765724,389412,2,7404370,0,0.0264448,151,"220318_A00595_0142_AHVH7CDSXY","LIB-MJ227-F12","LIB00071","12","F",0.18,"ILLUMINA-DNA-PREP","pcr-positive"
"LIB-MJ228-F12_01","12_01",33784258,5101422958,4935646385,4694252117,0.967504,0.920185,151,151,0.534592,24452750,3553343653,3511472830,3391369274,0.988217,0.954416,145,145,0.532851,25045120,803264,982550,577242,44,8161852,0,0.0191167,151,"220318_A00595_0142_AHVH7CDSXY","LIB-MJ228-F12","LIB00072","12","F",0.34,"ILLUMINA-DNA-PREP","pcr-positive"
"LIB-MJ230-F12_03","12_03",27436450,4142903950,3999737797,3807483388,0.965443,0.919037,151,151,0.532492,17040908,2419434081,2392655143,2314914235,0.988932,0.9568,141,142,0.527453,17471156,627615,771710,399534,8,9565752,0,0.0179926,151,"220318_A00595_0142_AHVH7CDSXY","LIB-MJ230-F12","LIB00074","12","F",0.17,"ILLUMINA-DNA-PREP","pcr-positive"
"LIB-MJ231-F12_04","12_04",31084564,4693769164,4542619217,4320102691,0.967798,0.920391,151,151,0.520216,23945472,3524496437,3479182774,3353130504,0.987143,0.951379,147,147,0.51736,24607488,534756,664532,573762,14,5903300,0,0.0224685,151,"220318_A00595_0142_AHVH7CDSXY","LIB-MJ231-F12","LIB00075","12","F",0.41,"ILLUMINA-DNA-PREP","pcr-positive"
"LIB-MJ251-F12_04","12_04",12488566,1885773466,1813095626,1720031416,0.96146,0.912109,151,151,0.537261,6781096,958360201,947441753,916211891,0.988607,0.95602,141,141,0.52773,6940746,282190,345367,174478,2,5373340,0,0.0153052,44,"220318_A00595_0142_AHVH7CDSXY","LIB-MJ251-F12","LIB00077","12","F",0.07,"ILLUMINA-DNA-PREP","pcr-positive"
"LIB-MJ252-F12_02","12_02",35839618,5411782318,5233473530,4986889278,0.967052,0.921487,151,151,0.525235,25347108,3680490897,3638915085,3519823827,0.988704,0.956346,145,145,0.520446,26258940,765987,956717,583304,16,8997358,0,0.0278808,151,"220318_A00595_0142_AHVH7CDSXY","LIB-MJ252-F12","LIB00078","12","F",0.26,"ILLUMINA-DNA-PREP","pcr-positive"
"LIB-MJ145-F12_01","12_01",7999674,1207950774,1147762261,1080445684,0.950173,0.894445,151,151,0.559355,4553996,651060873,641851328,616949821,0.985855,0.947607,142,143,0.563254,4649898,254247,326220,156652,24,3193100,0,0.0129445,151,"220324_A00595_0144_AHGKYMDSX3","LIB-MJ145-F12","LIB00030","12","F",0.07,"ILLUMINA-DNA-PREP","pcr-positive"
"LIB-MJ146-F12_01","12_01",38580640,5825676640,5566659681,5249079158,0.955539,0.901025,151,151,0.548306,26087958,3744537631,3689651526,3541023897,0.985342,0.945651,143,143,0.548884,26704914,1458952,1881760,648480,70,11227176,0,0.0166188,151,"220324_A00595_0144_AHGKYMDSX3","LIB-MJ146-F12","LIB00031","12","F",0.34,"ILLUMINA-DNA-PREP","pcr-positive"
"LIB-MJ147-F12_02","12_02",6291726,950050626,901481960,848203409,0.948878,0.892798,151,151,0.550886,3518018,501506040,494263059,474785551,0.985558,0.94672,142,142,0.55134,3588404,203484,262852,117994,10,2585318,0,0.0121242,151,"220324_A00595_0144_AHGKYMDSX3","LIB-MJ147-F12","LIB00032","12","F",0.07,"ILLUMINA-DNA-PREP","pcr-positive"
"LIB-MJ148-F12_02","12_02",37834972,5713080772,5436946456,5119844128,0.951666,0.896162,151,151,0.537695,23691172,3364364901,3314360596,3179424546,0.985137,0.94503,141,142,0.534043,24246032,1452784,1880266,601960,76,12986904,0,0.0153247,151,"220324_A00595_0144_AHGKYMDSX3","LIB-MJ148-F12","LIB00033","12","F",0.22,"ILLUMINA-DNA-PREP","pcr-positive"
"LIB-MJ149-F12_03","12_03",16911576,2553647976,2432566371,2295579789,0.952585,0.898941,151,151,0.548522,9577666,1361096285,1343211927,1294173140,0.98686,0.950831,141,142,0.548628,9770130,522990,672857,262462,44,6878940,0,0.0125138,151,"220324_A00595_0144_AHGKYMDSX3","LIB-MJ149-F12","LIB00034","12","F",0.1,"ILLUMINA-DNA-PREP","pcr-positive"
"LIB-MJ150-F12_03","12_03",28032020,4232835020,4061007137,3836622705,0.959406,0.906396,151,151,0.541045,21669076,3199856943,3151721331,3023647722,0.984957,0.944932,147,147,0.539901,22164586,611760,786730,627888,138,5239408,0,0.0180369,151,"220324_A00595_0144_AHGKYMDSX3","LIB-MJ150-F12","LIB00035","12","F",1.83,"ILLUMINA-DNA-PREP","pcr-positive"
"LIB-MJ151-F12_04","12_04",22779770,3439745270,3307751484,3151975789,0.961627,0.91634,151,151,0.547076,14611718,2078660625,2056543872,1993293699,0.98936,0.958932,142,142,0.546905,14839742,583501,749212,246424,42,7693562,0,0.0109689,151,"220324_A00595_0144_AHGKYMDSX3","LIB-MJ151-F12","LIB00036","12","F",0.17,"ILLUMINA-DNA-PREP","pcr-positive"
"LIB-MJ171-F12_04","12_04",50055618,7558398318,7203421005,6866584036,0.953035,0.908471,151,151,0.547743,30805222,4371822719,4324343034,4189102340,0.98914,0.958205,141,141,0.543322,31400268,1349972,1733875,601694,80,18053576,0,0.0122654,151,"220324_A00595_0144_AHGKYMDSX3","LIB-MJ171-F12","LIB00042","12","F",0.22,"ILLUMINA-DNA-PREP","pcr-positive"
"LIB-MJ138-F12_03","12_03",14250556,2151833956,2068154762,1947948589,0.961113,0.90525,151,151,0.521013,10901406,1590066488,1564120680,1495287107,0.983683,0.940393,145,146,0.520171,11167010,590735,755677,247810,2,2835734,0,0.0191138,151,"220401_A00595_0148_AHGL7FDSX3","LIB-MJ138-F12","LIB00027","12","F",0.7,"ILLUMINA-DNA-PREP","pcr-positive"
"LIB-MJ166-F12_01","12_01",6349844,958826444,912127034,852894942,0.951295,0.88952,151,151,0.552472,3958064,569759372,559914060,534371703,0.98272,0.93789,143,144,0.555408,4021448,207857,264629,157104,0,2171292,0,0.010685,151,"220401_A00595_0148_AHGL7FDSX3","LIB-MJ166-F12","LIB00037","12","F",0.07,"ILLUMINA-DNA-PREP","pcr-positive"
"LIB-MJ167-F12_02","12_02",13314772,2010530572,1903354722,1786619847,0.946693,0.888631,151,151,0.554116,8310706,1190713464,1171838829,1121840572,0.984148,0.942158,143,143,0.555471,8488520,465868,593305,331018,0,4495234,0,0.0137028,151,"220401_A00595_0148_AHGL7FDSX3","LIB-MJ167-F12","LIB00038","12","F",0.1,"ILLUMINA-DNA-PREP","pcr-positive"
"LIB-MJ168-F12_02","12_02",5155698,778510398,742469721,696605863,0.953706,0.894793,151,151,0.545812,3290294,475665369,468095734,448052667,0.984086,0.941949,144,144,0.547049,3353124,160933,204360,114576,0,1687998,0,0.0129294,151,"220401_A00595_0148_AHGL7FDSX3","LIB-MJ168-F12","LIB00039","12","F",0.09,"ILLUMINA-DNA-PREP","pcr-positive"
"LIB-MJ170-F12_03","12_03",8168178,1233394878,1176062769,1105308648,0.953517,0.896151,151,151,0.542684,5100060,733057509,722025069,692607483,0.98495,0.94482,143,143,0.542758,5214720,231515,292527,186250,2,2767206,0,0.0149541,151,"220401_A00595_0148_AHGL7FDSX3","LIB-MJ170-F12","LIB00041","12","F",0.08,"ILLUMINA-DNA-PREP","pcr-positive"
"LIB-MJ172-F12_04","12_04",51916328,7839365528,7470775876,7017895568,0.952982,0.895212,151,151,0.536231,31692998,4519702195,4450663375,4266969606,0.984725,0.944082,142,142,0.533831,32390324,1867952,2378841,1022206,0,18503798,0,0.0144311,151,"220401_A00595_0148_AHGL7FDSX3","LIB-MJ172-F12","LIB00043","12","F",0.18,"ILLUMINA-DNA-PREP","pcr-positive"
"LIB-MJ191-F12_04","12_04",18134662,2738333962,2575512007,2418861072,0.94054,0.883333,151,151,0.536597,9522984,1322264251,1302824784,1250035643,0.985298,0.945375,138,138,0.524577,9733516,740482,942982,365240,0,8035906,0,0.0119635,151,"220401_A00595_0148_AHGL7FDSX3","LIB-MJ191-F12","LIB00050","12","F",0.09,"ILLUMINA-DNA-PREP","pcr-positive"
"LIB-MJ195-F12_01","12_01",10672516,1611549916,1530106640,1430659683,0.949463,0.887754,151,151,0.524091,6189754,878233482,863124904,823307761,0.982797,0.937459,141,141,0.515939,6294422,413420,530062,252262,0,4125832,0,0.0107313,151,"220401_A00595_0148_AHGL7FDSX3","LIB-MJ195-F12","LIB00054","12","F",0.08,"ILLUMINA-DNA-PREP","pcr-positive"
"LIB-MJ173-F12_01","12_01",14644470,2211314970,2076908727,1942494182,0.939219,0.878434,151,151,0.545952,8239964,1169386654,1149199908,1096948031,0.982737,0.938054,141,141,0.54145,8415240,551886,708109,371204,14,5858012,0,0.0123083,151,"220429_A00595_0154_BHHCM7DSX3","LIB-MJ173-F12","LIB00044","12","F",0.11,"ILLUMINA-DNA-PREP","pcr-positive"
"LIB-MJ174-F12_01","12_01",18659386,2817567286,2681623253,2519121178,0.951751,0.894077,151,151,0.533365,11176454,1588183632,1563144549,1496944533,0.984234,0.942551,141,142,0.529645,11387674,693277,896340,354888,6,6916818,0,0.0122791,151,"220429_A00595_0154_BHHCM7DSX3","LIB-MJ174-F12","LIB00045","12","F",0.13,"ILLUMINA-DNA-PREP","pcr-positive"
"LIB-MJ175-F12_02","12_02",29765946,4494657846,4260922590,3972275957,0.947997,0.883777,151,151,0.52395,21243938,3105320400,3044830290,2892401101,0.98052,0.931434,146,146,0.521444,21677098,1051709,1344476,912404,58,7176386,0,0.014919,151,"220429_A00595_0154_BHHCM7DSX3","LIB-MJ175-F12","LIB00046","12","F",1.13,"ILLUMINA-DNA-PREP","pcr-positive"
"LIB-MJ176-F12_03","12_03",8709684,1315162284,1250103131,1172935603,0.950531,0.891856,151,151,0.544329,5045266,717893639,706417563,676376291,0.984014,0.942168,142,142,0.544842,5137708,301562,386644,182592,12,3389372,0,0.0116087,151,"220429_A00595_0154_BHHCM7DSX3","LIB-MJ176-F12","LIB00047","12","F",0.07,"ILLUMINA-DNA-PREP","pcr-positive"
"LIB-MJ190-F12_02","12_02",5894226,890028126,843518297,789923635,0.947743,0.887527,151,151,0.5402,3260866,463792673,456154932,436152275,0.983532,0.940404,142,142,0.537253,3316266,207854,267060,123316,10,2454634,0,0.0102894,151,"220429_A00595_0154_BHHCM7DSX3","LIB-MJ190-F12","LIB00049","12","F",0.05,"ILLUMINA-DNA-PREP","pcr-positive"
"LIB-MJ192-F12_04","12_04",4946136,746866536,711486976,669600573,0.952629,0.896546,151,151,0.565772,2807004,398831558,393088301,377677698,0.9856,0.94696,141,142,0.57511,2860108,179739,226466,89284,6,1996738,0,0.0116624,151,"220429_A00595_0154_BHHCM7DSX3","LIB-MJ192-F12","LIB00051","12","F",0.05,"ILLUMINA-DNA-PREP","pcr-positive"
"LIB-MJ194-F12_04","12_04",29752902,4492688202,4275611947,4011373220,0.951682,0.892867,151,151,0.528002,17984670,2545520792,2503880721,2394025505,0.983642,0.940486,141,141,0.52268,18306128,1234538,1572466,649864,32,10796878,0,0.0118442,151,"220429_A00595_0154_BHHCM7DSX3","LIB-MJ194-F12","LIB00053","12","F",0.21,"ILLUMINA-DNA-PREP","pcr-positive"
"LIB-MJ197-F12_03","12_03",16660634,2515755734,2388143193,2236703951,0.949275,0.889078,151,151,0.520034,9707420,1371891928,1348600651,1287786079,0.983023,0.938694,141,141,0.51118,9891910,664620,856950,375460,18,6393246,0,0.012255,151,"220429_A00595_0154_BHHCM7DSX3","LIB-MJ197-F12","LIB00056","12","F",0.1,"ILLUMINA-DNA-PREP","pcr-positive"
"LIB-MJ140-F12_02","12_02",23013472,3475034272,3305297375,3105027549,0.951155,0.893524,151,151,0.534369,14337174,2039635801,2006409888,1919344904,0.98371,0.941023,142,142,0.531976,14642718,971183,1255706,353940,56,8016758,0,0.0137295,151,"220506_A00595_0156_BHH5G2DSX3","LIB-MJ140-F12","LIB00029","12","F",0.09,"ILLUMINA-DNA-PREP","pcr-positive"
"LIB-MJ169-F12_01","12_01",8483718,1281041418,1220486357,1156720355,0.95273,0.902953,151,151,0.558349,5459128,785079636,774650084,746302873,0.986715,0.950608,143,143,0.559767,5627780,213409,271364,157064,10,2698864,0,0.0202531,151,"220506_A00595_0156_BHH5G2DSX3","LIB-MJ169-F12","LIB00040","12","F",0.07,"ILLUMINA-DNA-PREP","pcr-positive"
"LIB-MJ193-F12_01","12_01",7792222,1176625522,1125945507,1067084964,0.956928,0.906903,151,151,0.5617,4409010,621968860,614697435,594305981,0.988309,0.955524,141,141,0.56843,4532140,210846,267300,104076,4,3156002,0,0.0170342,151,"220506_A00595_0156_BHH5G2DSX3","LIB-MJ193-F12","LIB00052","12","F",0.06,"ILLUMINA-DNA-PREP","pcr-positive"
"LIB-MJ196-F12_02","12_02",18721098,2826885798,2707415108,2556226513,0.957738,0.904255,151,151,0.538788,12723300,1830789244,1804585684,1733688224,0.985687,0.946962,143,143,0.538563,13035278,609970,778323,376026,38,5309756,0,0.0175581,151,"220506_A00595_0156_BHH5G2DSX3","LIB-MJ196-F12","LIB00055","12","F",0.15,"ILLUMINA-DNA-PREP","pcr-positive"
"LIB-MJ198-F12_03","12_03",28896786,4363414686,4191352421,3960531622,0.960567,0.907668,151,151,0.519109,20279628,2930539270,2888076495,2773636981,0.98551,0.94646,144,144,0.514215,20733162,840517,1070619,527138,70,7636416,0,0.0167256,151,"220506_A00595_0156_BHH5G2DSX3","LIB-MJ198-F12","LIB00057","12","F",0.31,"ILLUMINA-DNA-PREP","pcr-positive"
"LIB-MJ199-F12_04","12_04",31123422,4699636722,4530130098,4282621423,0.963932,0.911266,151,151,0.523173,24638412,3641578952,3584251761,3435194722,0.984258,0.943326,147,147,0.522132,25298848,677701,856462,601312,160,5223102,0,0.0218696,151,"220506_A00595_0156_BHH5G2DSX3","LIB-MJ199-F12","LIB00058","12","F",0.84,"ILLUMINA-DNA-PREP","pcr-positive"
"LIB-MJ200-F12_04","12_04",13412238,2025247938,1933205301,1824841735,0.954552,0.901046,151,151,0.531052,7781620,1102745641,1086976616,1044778973,0.9857,0.947434,141,141,0.524072,7966418,451738,573194,223434,24,5222362,0,0.0149546,151,"220506_A00595_0156_BHH5G2DSX3","LIB-MJ200-F12","LIB00059","12","F",0.1,"ILLUMINA-DNA-PREP","pcr-positive"
"LIB-MJ201-F12_03","12_03",30264580,4569951580,4398596874,4158456137,0.962504,0.909956,151,151,0.534137,23110094,3396677929,3345975000,3210692918,0.985073,0.945245,147,146,0.534225,23709380,688232,872960,637036,142,5918022,0,0.0205288,151,"220506_A00595_0156_BHH5G2DSX3","LIB-MJ201-F12","LIB00060","12","F",0.45,"ILLUMINA-DNA-PREP","pcr-positive"
"LIB-MJ213-F12_01","12_01",25790052,3894297852,3746541506,3539750467,0.962058,0.908957,151,151,0.516972,18392622,2666945816,2628265622,2523931082,0.985496,0.946375,144,145,0.512751,18889962,777971,969031,508542,14,6391534,0,0.0208871,151,"220601_A00595_0164_BHKNK7DSX3","LIB-MJ213-F12","LIB00064","12","F",0.63,"ILLUMINA-DNA-PREP","pcr-positive"
"LIB-MJ214-F12_02","12_02",56878050,8588585550,8282668536,7848393738,0.964381,0.913817,151,151,0.519751,41800646,6107931475,6024889648,5796890754,0.986404,0.949076,146,146,0.516486,43071600,1399081,1740870,1089846,6,12716598,0,0.0239148,151,"220601_A00595_0164_BHKNK7DSX3","LIB-MJ214-F12","LIB00065","12","F",1.09,"ILLUMINA-DNA-PREP","pcr-positive"
"LIB-MJ215-F12_01","12_01",30002930,4530442430,4353522824,4110729155,0.960949,0.907357,151,151,0.511851,21251634,3088296525,3042289192,2919033243,0.985103,0.945192,145,145,0.506602,21865406,879027,1094487,633054,20,7504450,0,0.0219687,151,"220601_A00595_0164_BHKNK7DSX3","LIB-MJ215-F12","LIB00066","12","F",0.41,"ILLUMINA-DNA-PREP","pcr-positive"
"LIB-MJ216-F12_02","12_02",32222060,4865531060,4693443744,4451959370,0.964631,0.915,151,151,0.52357,23446670,3406718774,3361555816,3236707063,0.986743,0.950095,145,145,0.521323,24198126,895127,1115483,612734,4,7411196,0,0.0248899,151,"220601_A00595_0164_BHKNK7DSX3","LIB-MJ216-F12","LIB00067","12","F",0.46,"ILLUMINA-DNA-PREP","pcr-positive"
"LIB-MJ217-F12_03","12_03",35625156,5379398556,5168206701,4895857282,0.960741,0.910112,151,151,0.529796,21674912,3074224136,3034842568,2925273078,0.98719,0.951548,141,141,0.524375,22231868,987020,1224040,625246,10,12768032,0,0.0178655,151,"220601_A00595_0164_BHKNK7DSX3","LIB-MJ217-F12","LIB00068","12","F",0.18,"ILLUMINA-DNA-PREP","pcr-positive"
"LIB-MJ218-F12_04","12_04",35251170,5322926670,5105017974,4815430647,0.959062,0.904658,151,151,0.522,24310720,3515759640,3462421271,3320998049,0.984829,0.944603,144,144,0.517967,24864422,1233062,1550628,731988,16,9654744,0,0.0169083,151,"220601_A00595_0164_BHKNK7DSX3","LIB-MJ218-F12","LIB00069","12","F",0.36,"ILLUMINA-DNA-PREP","pcr-positive"
"LIB-MJ229-F12_03","12_03",9216764,1391731364,1338661925,1268735853,0.961868,0.911624,151,151,0.537749,5589842,789886769,780237841,753065080,0.987784,0.953384,141,141,0.536381,5724378,254134,313443,148762,0,3343624,0,0.0169569,151,"220601_A00595_0164_BHKNK7DSX3","LIB-MJ229-F12","LIB00073","12","F",0.46,"ILLUMINA-DNA-PREP","pcr-positive"
"LIB-MJ250-F12_04","12_04",16566450,2501533950,2393554239,2243657996,0.956835,0.896913,151,151,0.534986,12829440,1900707287,1866298810,1780208951,0.981897,0.936603,148,148,0.535699,13046442,260626,329625,491492,26,3028490,0,0.013716,151,"220601_A00595_0164_BHKNK7DSX3","LIB-MJ250-F12","LIB00076","12","F",2.7,"ILLUMINA-DNA-PREP","pcr-positive"
"LIB-MJ281-F12_01","12_01",41367730,6246527230,6030681397,5724139132,0.965445,0.916371,151,151,0.519936,31327132,4600904426,4539396925,4371354454,0.986631,0.950108,146,146,0.516812,32360982,926519,1143195,785416,92,8221240,0,0.0260766,151,"220607_A00595_0166_BHKNKHDSX3","LIB-MJ281-F12","LIB00092","12","F",0.55,"ILLUMINA-DNA-PREP","pcr-positive"
"LIB-MJ301-F12_01","12_01",33494496,5057668896,4866369014,4627602196,0.962176,0.914967,151,151,0.534483,24798774,3625213984,3579484924,3453144044,0.987386,0.952535,146,146,0.532232,25610356,821288,1013865,679508,74,7204558,0,0.0247332,151,"220607_A00595_0166_BHKNKHDSX3","LIB-MJ301-F12","LIB00096","12","F",0.34958,"ILLUMINA-DNA-PREP","pcr-positive"
"LIB-MJ139-F12_01","12_01",24310424,3670874024,3529346982,3334765869,0.961446,0.908439,151,151,0.52894,16684770,2394329149,2360841773,2268681580,0.986014,0.947523,143,143,0.528256,17240170,757001,931110,477530,26,6592698,0,0.0245631,151,"220613_A00595_0168_BHKNMYDSX3","LIB-MJ139-F12","LIB00028","12","F",0.43,"ILLUMINA-DNA-PREP","pcr-positive"
"LIB-MJ253-F12_01","12_01",817884,123500484,117671479,110526104,0.952802,0.894945,151,151,0.545821,447914,63877502,62953142,60434723,0.985529,0.946103,142,142,0.540524,461760,19836,24167,16694,0,339430,0,0.0189318,44,"220613_A00595_0168_BHKNMYDSX3","LIB-MJ253-F12","LIB00079","12","F",0.03,"ILLUMINA-DNA-PREP","pcr-positive"
"LIB-MJ254-F12_02","12_02",37327350,5636429850,5462538740,5205932626,0.969149,0.923622,151,151,0.532827,26052100,3754702079,3712876887,3590093662,0.988861,0.956159,144,144,0.530344,27320526,800469,981731,534052,60,9472712,0,0.0371401,151,"220613_A00595_0168_BHKNMYDSX3","LIB-MJ254-F12","LIB00080","12","F",0.22,"ILLUMINA-DNA-PREP","pcr-positive"
"LIB-MJ255-F12_02","12_02",40767368,6155872568,5965405792,5680322154,0.969059,0.922748,151,151,0.542162,30265066,4429473592,4375861042,4222422334,0.987896,0.953256,146,146,0.542529,31846762,714149,877998,723972,84,8196550,0,0.0411449,151,"220613_A00595_0168_BHKNMYDSX3","LIB-MJ255-F12","LIB00081","12","F",0.3,"ILLUMINA-DNA-PREP","pcr-positive"
"LIB-MJ259-F12_04","12_04",5449532,822879332,790368730,748641201,0.960492,0.909782,151,151,0.550971,3305024,474868120,468778578,451788846,0.987176,0.951399,143,143,0.551934,3468078,122958,150189,92926,12,1888516,0,0.032525,151,"220613_A00595_0168_BHKNMYDSX3","LIB-MJ259-F12","LIB00085","12","F",0.05,"ILLUMINA-DNA-PREP","pcr-positive"
"LIB-MJ262-F12_03","12_03",33909022,5120262322,4947822398,4699433234,0.966322,0.917811,151,151,0.525483,22995176,3295853710,3255241471,3137681786,0.987678,0.952009,143,143,0.520591,24339366,831468,1016528,477864,40,9091752,0,0.0424642,151,"220613_A00595_0168_BHKNMYDSX3","LIB-MJ262-F12","LIB00088","12","F",0.39,"ILLUMINA-DNA-PREP","pcr-positive"
"LIB-MJ263-F12_04","12_04",3137266,473727166,454986856,430969176,0.960441,0.909741,151,151,0.560024,1837094,263929809,260724330,251657910,0.987855,0.953503,143,143,0.563549,1927368,68844,83646,48702,4,1161192,0,0.0315823,44,"220613_A00595_0168_BHKNMYDSX3","LIB-MJ263-F12","LIB00089","12","F",0.05,"ILLUMINA-DNA-PREP","pcr-positive"
"LIB-MJ260-F12_01","12_01",15897248,2400484448,2289699084,2165787694,0.953849,0.902229,151,151,0.527371,8337486,1178564309,1163328903,1120913251,0.987073,0.951084,141,141,0.515659,8644456,393673,496586,249036,14,7003742,0,0.0220612,151,"220627_A00595_0174_BHMV5KDSX3","LIB-MJ260-F12","LIB00086","12","F",0.09,"ILLUMINA-DNA-PREP","pcr-positive"
"LIB-MJ261-F12_01","12_01",4907164,740981764,689119860,651606310,0.930009,0.879382,151,151,0.55206,1869598,256007045,253111786,244822257,0.988691,0.956311,136,136,0.536732,1943116,115247,143814,72836,4,2891208,0,0.0154317,44,"220627_A00595_0174_BHMV5KDSX3","LIB-MJ261-F12","LIB00087","12","F",0.04,"ILLUMINA-DNA-PREP","pcr-positive"
"LIB-MJ279-F12_02","12_02",35879564,5417814164,5236328711,4988265640,0.966502,0.920716,151,151,0.534862,25066028,3600535195,3560643551,3444085657,0.988921,0.956548,143,143,0.534071,26258308,952371,1194764,545738,36,9075482,0,0.0360859,151,"220627_A00595_0174_BHMV5KDSX3","LIB-MJ279-F12","LIB00090","12","F",0.4,"ILLUMINA-DNA-PREP","pcr-positive"
"LIB-MJ280-F12_02","12_02",14557370,2198162870,2103680308,1989011391,0.957017,0.904852,151,151,0.547694,9042116,1297101806,1279627285,1230511499,0.986528,0.948662,143,143,0.548,9443298,394498,497137,201616,16,4912440,0,0.0289676,151,"220627_A00595_0174_BHMV5KDSX3","LIB-MJ280-F12","LIB00091","12","F",0.12,"ILLUMINA-DNA-PREP","pcr-positive"
"LIB-MJ282-F12_03","12_03",26427734,3990587834,3841780477,3629107442,0.96271,0.909417,151,151,0.529078,19243406,2818014971,2778271168,2667797149,0.985897,0.946694,146,146,0.527139,19925534,606774,751942,614370,50,5887780,0,0.027721,151,"220627_A00595_0174_BHMV5KDSX3","LIB-MJ282-F12","LIB00093","12","F",0.63351,"ILLUMINA-DNA-PREP","pcr-positive"
"LIB-MJ283-F12_04","12_04",2299836,347275236,332257006,314011835,0.956754,0.904216,151,151,0.556684,1390416,200245397,197676679,190506950,0.987172,0.951367,143,144,0.558956,1435302,55213,68068,40822,6,823706,0,0.0215772,151,"220627_A00595_0174_BHMV5KDSX3","LIB-MJ283-F12","LIB00061","12","F",0.05945,"ILLUMINA-DNA-PREP","pcr-positive"
"LIB-MJ284-F12_03","12_03",3680732,555790532,530075849,499901985,0.953733,0.899443,151,151,0.519873,2494158,358864906,353636823,339229798,0.985432,0.945286,143,143,0.51417,2559140,102588,126959,90312,6,1031274,0,0.0181393,151,"220627_A00595_0174_BHMV5KDSX3","LIB-MJ284-F12","LIB00062","12","F",0.05212,"ILLUMINA-DNA-PREP","pcr-positive"
"LIB-MJ305-F12_04","12_04",24105158,3639878858,3492309289,3290055589,0.959458,0.903892,151,151,0.504022,18357240,2717393726,2673728465,2556667540,0.983931,0.940853,148,147,0.498811,19148880,350427,438432,591500,72,4364706,0,0.0335343,151,"220627_A00595_0174_BHMV5KDSX3","LIB-MJ305-F12","LIB00094","12","F",0.63421,"ILLUMINA-DNA-PREP","pcr-positive"
"LIB-MJ306-F12_01","12_01",26536060,4006945060,3848905541,3612644853,0.960559,0.901596,151,151,0.566026,21257276,3162986224,3105585268,2958323063,0.981852,0.935294,148,149,0.567443,21941658,489781,630656,560198,68,4034136,0,0.0264724,262,"220721_A00595_0179_AHMTTHDSX3","LIB-MJ306-F12","LIB00083","12","F",1.48685,"ILLUMINA-DNA-PREP","pcr-positive"
"LIB-MJ307-F12_01","12_01",22548978,3404895678,3253135964,3045405661,0.955429,0.89442,151,151,0.56343,17533854,2610683694,2563418838,2442347177,0.981896,0.93552,149,148,0.564642,18103644,231081,298933,713892,52,3731390,0,0.0258251,151,"220721_A00595_0179_AHMTTHDSX3","LIB-MJ307-F12","LIB00084","12","F",1.88431,"ILLUMINA-DNA-PREP","pcr-positive"
"LIB-MJ334-F12_01","12_01",66509814,10042981914,9605248122,9010811694,0.956414,0.897225,151,151,0.510423,50053126,7385266275,7257245922,6918676933,0.982665,0.936822,147,147,0.505579,51709878,1457298,1837670,1572966,38,13226932,0,0.0255401,151,"220802_A00595_0182_BHMTY7DSX3","LIB-MJ334-F12","LIB00095","12","F",0.84292,"ILLUMINA-DNA-PREP","pcr-positive"
"LIB-MJ336-F12_02","12_02",34735422,5245048722,5008915029,4722471202,0.95498,0.900367,151,151,0.541707,24226370,3544041270,3488796044,3339853060,0.984412,0.942385,146,146,0.53772,25072122,565958,716260,741280,40,8921980,0,0.0249541,151,"220802_A00595_0182_BHMTY7DSX3","LIB-MJ336-F12","LIB00099","12","F",1.53478,"ILLUMINA-DNA-PREP","pcr-positive"
"LIB-MJ337-F12_03","12_03",52939620,7993882620,7676701959,7248348102,0.960322,0.906737,151,151,0.529427,40354956,5964834017,5873662909,5627086531,0.984715,0.943377,147,147,0.527679,42039344,724644,916625,1190226,40,9710010,0,0.0324897,151,"220802_A00595_0182_BHMTY7DSX3","LIB-MJ337-F12","LIB00100","12","F",0.45554,"ILLUMINA-DNA-PREP","pcr-positive"
"LIB-MJ338-F12_04","12_04",34863226,5264347126,5043353944,4744033963,0.958021,0.901163,151,151,0.515423,26455036,3906910439,3841113207,3666606071,0.983159,0.938492,147,147,0.511353,27390268,550053,698458,768370,26,6704562,0,0.0274088,151,"220802_A00595_0182_BHMTY7DSX3","LIB-MJ338-F12","LIB00101","12","F",0.71686,"ILLUMINA-DNA-PREP","pcr-positive"
"LIB-MJ339-F12_03","12_03",8967026,1354020926,1289436054,1216465045,0.952301,0.898409,151,151,0.52908,4324624,602767212,595054236,572934036,0.987204,0.950506,139,139,0.508601,4476970,235756,292299,101592,2,4388462,0,0.0192068,44,"220802_A00595_0182_BHMTY7DSX3","LIB-MJ339-F12","LIB00102","12","F",0.10334,"ILLUMINA-DNA-PREP","pcr-positive"
"LIB-MJ342-F12_02","12_02",27243228,4113727428,3964896781,3740163127,0.963821,0.909191,151,151,0.524389,21330450,3153137736,3103248301,2967591348,0.984178,0.941155,147,147,0.522695,21976918,362221,458502,505890,18,4760402,0,0.024574,151,"220802_A00595_0182_BHMTY7DSX3","LIB-MJ342-F12","LIB00105","12","F",0.83151,"ILLUMINA-DNA-PREP","pcr-positive"
"LIB-MJ343-F12_01","12_01",24087700,3637242700,3483718121,3270496060,0.957791,0.899169,151,151,0.514932,17394336,2550603397,2507837830,2394442309,0.983233,0.938775,146,146,0.509539,17850414,578048,730924,510624,22,5726640,0,0.0200511,151,"220802_A00595_0182_BHMTY7DSX3","LIB-MJ343-F12","LIB00106","12","F",0.3097,"ILLUMINA-DNA-PREP","pcr-positive"
"LIB-MJ344-F12_04","12_04",31162294,4705506394,4515907491,4247118372,0.959707,0.902585,151,151,0.55163,23938498,3542383616,3483107935,3328377421,0.983267,0.939587,148,147,0.552566,24681110,446728,571630,736810,38,5744336,0,0.0248067,151,"220802_A00595_0182_BHMTY7DSX3","LIB-MJ344-F12","LIB00107","12","F",0.88783,"ILLUMINA-DNA-PREP","pcr-positive"
"LIB-MJ340-F12_01","12_01",20413504,3082439104,2897490381,2662972373,0.939999,0.863917,151,151,0.523379,13079834,1892659823,1846617252,1734052311,0.975673,0.916199,144,144,0.519199,13363548,938741,1213015,603968,8,6445980,0,0.0145476,151,"220812_A00595_0185_AHVYLFDSX3","LIB-MJ340-F12","LIB00103","12","F",0.7004,"ILLUMINA-DNA-PREP","pcr-positive"
"LIB-MJ341-F12_02","12_02",16995952,2566388752,2406933926,2203034042,0.937868,0.858418,151,151,0.527286,11122034,1615278744,1573566428,1472767510,0.974176,0.911773,145,145,0.525717,11334394,822690,1067162,570940,10,5090608,0,0.0130384,151,"220812_A00595_0185_AHVYLFDSX3","LIB-MJ341-F12","LIB00104","12","F",0.42233,"ILLUMINA-DNA-PREP","pcr-positive"
"LIB-MJ345-F12_01","12_01",21709048,3278066248,3079615025,2840214445,0.939461,0.86643,151,151,0.530991,12145116,1705525682,1669261032,1577473406,0.978737,0.924919,140,140,0.529104,12471500,1277010,1653984,631788,4,8605756,0,0.0167304,151,"220812_A00595_0185_AHVYLFDSX3","LIB-MJ345-F12","LIB00108","12","F",0.15217,"ILLUMINA-DNA-PREP","pcr-positive"
"LIB-MJ346-F12_02","12_02",24571684,3710324284,3479874362,3186577131,0.93789,0.858841,151,151,0.522146,16183350,2358949987,2300157803,2157310556,0.975077,0.914522,145,145,0.520824,16509098,1147335,1488163,959256,8,7103322,0,0.0141272,151,"220812_A00595_0185_AHVYLFDSX3","LIB-MJ346-F12","LIB00109","12","F",0.72711,"ILLUMINA-DNA-PREP","pcr-positive"
"LIB-MJ347-F12_04","12_04",11675934,1763066034,1636193198,1485349133,0.928039,0.842481,151,151,0.556032,7507792,1099241800,1068330351,996130372,0.971879,0.906198,146,146,0.560027,7615736,409938,534843,633730,4,3426464,0,0.00956138,151,"220812_A00595_0185_AHVYLFDSX3","LIB-MJ347-F12","LIB00110","12","F",0.7,"ILLUMINA-DNA-PREP","pcr-positive"
"LIB-MJ352-F12_03","12_03",17704280,2673346280,2481888747,2253191720,0.928383,0.842836,151,151,0.55356,11336950,1658735963,1612734017,1504010951,0.972267,0.906721,146,146,0.556862,11481526,689105,892845,939036,14,5283704,0,0.00846801,151,"220812_A00595_0185_AHVYLFDSX3","LIB-MJ352-F12","LIB00111","12","F",1.63,"ILLUMINA-DNA-PREP","pcr-positive"
"LIB-MJ353-F12_03","12_03",12417438,1875033138,1750305327,1591593384,0.93348,0.848835,151,151,0.545116,8030968,1170158938,1136973004,1058910782,0.97164,0.904929,145,145,0.547025,8118128,565603,737846,499572,6,3799732,0,0.00736577,151,"220812_A00595_0185_AHVYLFDSX3","LIB-MJ353-F12","LIB00112","12","F",1.7,"ILLUMINA-DNA-PREP","pcr-positive"
"LIB-MJ354-F12_04","12_04",12316170,1859741670,1739246744,1583257590,0.935209,0.851332,151,151,0.555649,8376254,1229355056,1194626336,1113535949,0.97175,0.905789,146,147,0.559608,8474376,470918,617140,518104,4,3323686,0,0.00830274,151,"220812_A00595_0185_AHVYLFDSX3","LIB-MJ354-F12","LIB00113","12","F",1.58,"ILLUMINA-DNA-PREP","pcr-positive"
"LIB-MJ382-F12_02","12_02",31050394,4688609494,4453548799,4138968081,0.949866,0.882771,151,151,0.53994,22529818,3326051115,3257095271,3087733005,0.979268,0.928348,147,147,0.539337,22903544,461908,573982,1188106,88,6958656,0,0.0129412,151,"230630_A00595_0254_BH5NGYDSX5","LIB-MJ382-F12","LIB00116","12","F",0.9,"metagenome","pcr-positive"
"LIB-MJ383-F12_01","12_01",56025034,8459780134,8055836281,7502113986,0.952251,0.886798,151,151,0.552767,42665768,6331383121,6202940412,5886867252,0.979713,0.929792,148,148,0.553027,43487344,767351,967695,1937768,126,10599796,0,0.0152652,151,"230630_A00595_0254_BH5NGYDSX5","LIB-MJ383-F12","LIB00117","12","F",1.42,"metagenome","pcr-positive"
"LIB-MJ385-F12_04","12_04",24448976,3691795376,3483133556,3211503441,0.94348,0.869903,151,151,0.552518,17196138,2537081853,2477360421,2335788844,0.976461,0.92066,147,147,0.552732,17450522,381419,476073,1071916,162,5926376,0,0.0109196,151,"230630_A00595_0254_BH5NGYDSX5","LIB-MJ385-F12","LIB00119","12","F",0.76,"metagenome","pcr-positive"
"LIB-MJ386-F12_04","12_04",640,96640,88702,82231,0.91786,0.8509,151,151,0.762469,198,29250,28576,26866,0.976957,0.918496,147,147,0.594974,202,7,10,20,0,418,0,0.00625,0,"230630_A00595_0254_BH5NGYDSX5","LIB-MJ386-F12","LIB00120","12","F",0.02,"metagenome","pcr-positive"
"LIB-MJ388-F12_02","12_02",15308856,2311637256,2188433296,2027581365,0.946703,0.877119,151,151,0.558825,10536694,1549836903,1516256911,1435115980,0.978333,0.925979,147,146,0.558692,10689988,235297,291686,591838,48,4026982,0,0.0110557,151,"230630_A00595_0254_BH5NGYDSX5","LIB-MJ388-F12","LIB00122","12","F",1.18,"metagenome","pcr-positive"
"LIB-MJ389-F12_03","12_03",17213582,2599250882,2450459419,2263183242,0.942756,0.870706,151,151,0.559522,12013838,1770892936,1730399176,1634807444,0.977134,0.923154,147,147,0.559537,12202568,247374,314951,720776,64,4290174,0,0.0116402,151,"230630_A00595_0254_BH5NGYDSX5","LIB-MJ389-F12","LIB00123","12","F",1.15,"metagenome","pcr-positive"
"LIB-MJ390-F12_03","12_03",40279476,6082200876,5750619266,5331375863,0.945483,0.876554,151,151,0.55813,29247906,4321776633,4227826542,4000539532,0.978261,0.92567,148,147,0.55827,29834360,629898,798163,1544814,194,8900108,0,0.014947,151,"230630_A00595_0254_BH5NGYDSX5","LIB-MJ390-F12","LIB00097","12","F",1.44,"metagenome","pcr-positive"
"LIB-MJ413-F12_01","12_01",21771682,3287523982,3087130777,2850412575,0.939044,0.867039,151,151,0.558534,14739690,2163135116,2113382792,1996287682,0.977,0.922868,147,146,0.557829,14988206,396844,497313,933790,34,5849652,0,0.0117288,151,"230630_A00595_0254_BH5NGYDSX5","LIB-MJ413-F12","LIB00098","12","F",0.61,"metagenome","pcr-positive"
"LIB-MJ380-F12_03","12_03",30508092,4606721892,4364544076,4040975454,0.947429,0.877191,151,151,0.55538,22979400,3415041592,3339590633,3157590260,0.977906,0.924613,148,148,0.55603,23580958,365090,464220,1231270,56,5695808,0,0.020388,151,"230703_A00595_0256_BH5NHYDSX5","LIB-MJ380-F12","LIB00114","12","F",1.13,"metagenome","pcr-positive"
"LIB-MJ381-F12_02","12_02",30345078,4582106778,4334964604,4005740423,0.946064,0.874214,151,151,0.547752,21753216,3207245595,3134712293,2959993517,0.977385,0.922908,147,147,0.548763,22067452,601420,748583,1197244,8,7080374,0,0.0109924,151,"230703_A00595_0256_BH5NHYDSX5","LIB-MJ381-F12","LIB00115","12","F",1.14,"metagenome","pcr-positive"
"LIB-MJ414-F12_03","12_03",15988770,2414304270,2264207493,2074649647,0.93783,0.859316,151,151,0.554066,10975264,1611539394,1568134755,1469530142,0.973066,0.91188,146,146,0.554188,11186344,340473,436531,615064,14,4187348,0,0.0137105,151,"230703_A00595_0256_BH5NHYDSX5","LIB-MJ414-F12","LIB00125","12","F",0.93,"metagenome","pcr-positive"
"LIB-MJ384-F12_01","12_01",15324070,2313934570,2150534559,1952898452,0.929384,0.843973,151,151,0.544976,9922594,1456245770,1412339688,1315445359,0.96985,0.903313,146,146,0.545788,10085754,500851,660421,795496,2,4442818,0,0.0110039,151,"230707_A00595_0258_BHWJWWDSX5","LIB-MJ384-F12","LIB00118","12","F",0.76,"metagenome","pcr-positive"
"LIB-MJ387-F12_01","12_01",16102630,2431497130,2265116766,2068644267,0.931573,0.85077,151,151,0.540518,10589000,1558540148,1517190109,1422560901,0.973469,0.912752,147,146,0.540708,10802426,437137,565166,938082,4,4362118,0,0.0136314,151,"230707_A00595_0258_BHWJWWDSX5","LIB-MJ387-F12","LIB00121","12","F",0.98,"metagenome","pcr-positive"
NA,NA,NA,NA,NA,NA,NA,NA,NA,NA,NA,NA,NA,NA,NA,NA,NA,NA,NA,NA,NA,NA,NA,NA,NA,NA,NA,NA,NA,NA,"LIB-MJ256-F12","LIB00082","12","F",0.04,"ILLUMINA-DNA-PREP","pcr-positive"
